Started by user admin
Obtained ci/Jenkinsfile from git file:///workspace/source
[Pipeline] Start of Pipeline
[Pipeline] node
Running on Jenkins in /var/jenkins_home/workspace/devsecops-factory
[Pipeline] {
[Pipeline] withEnv
[Pipeline] {
[Pipeline] timeout
Timeout set to expire in 2 hr 0 min
[Pipeline] {
[Pipeline] stage
[Pipeline] { (1. Checkout Monorepo)
[Pipeline] deleteDir
[Pipeline] script
[Pipeline] {
[Pipeline] checkout
The recommended git tool is: git
No credentials specified
Cloning the remote Git repository
Cloning repository file:///workspace/source
 > git init /var/jenkins_home/workspace/devsecops-factory # timeout=10
Fetching upstream changes from file:///workspace/source
 > git --version # timeout=10
 > git --version # 'git version 2.47.3'
 > git fetch --tags --force --progress -- file:///workspace/source +refs/heads/*:refs/remotes/origin/* # timeout=10
 > git config remote.origin.url file:///workspace/source # timeout=10
 > git config --add remote.origin.fetch +refs/heads/*:refs/remotes/origin/* # timeout=10
Avoid second fetch
 > git rev-parse refs/remotes/origin/cicd-gitops^{commit} # timeout=10
Checking out Revision 1dba575f066cdbdc062886e02e06c6134a49c0c8 (refs/remotes/origin/cicd-gitops)
 > git config core.sparsecheckout # timeout=10
 > git checkout -f 1dba575f066cdbdc062886e02e06c6134a49c0c8 # timeout=10
Commit message: "fix: bootstrap Jenkins demo job automatically"
 > git rev-list --no-walk 1dba575f066cdbdc062886e02e06c6134a49c0c8 # timeout=10
[Pipeline] sh
+ git log -1 --pretty=%B
[Pipeline] echo
Source branch: cicd-gitops
[Pipeline] echo
Source commit: 1dba575f066cdbdc062886e02e06c6134a49c0c8
[Pipeline] }
[Pipeline] // script
[Pipeline] }
[Pipeline] // stage
[Pipeline] stage
[Pipeline] { (CI/CD)
[Pipeline] stage
[Pipeline] { (2. Validate Inputs and Metadata)
[Pipeline] script
[Pipeline] {
[Pipeline] sh
[Pipeline] writeFile
[Pipeline] echo
Immutable image: 585572506644.dkr.ecr.ap-southeast-1.amazonaws.com/devsecops/tetris:1dba575f066c
[Pipeline] echo
Release branch: true
[Pipeline] }
[Pipeline] // script
[Pipeline] }
[Pipeline] // stage
[Pipeline] stage
[Pipeline] { (3. Security Contract)
[Pipeline] script
[Pipeline] {
[Pipeline] fileExists
[Pipeline] sh
+ test -s ci/stages/secrets-scan.sh
[Pipeline] fileExists
[Pipeline] sh
+ test -s ci/stages/sca-scan.sh
[Pipeline] fileExists
[Pipeline] sh
+ test -s ci/stages/sast-scan.sh
[Pipeline] fileExists
[Pipeline] sh
+ test -s ci/stages/iac-scan.sh
[Pipeline] fileExists
[Pipeline] sh
+ test -s ci/stages/container-scan.sh
[Pipeline] fileExists
[Pipeline] sh
+ test -s ci/stages/dast-scan.sh
[Pipeline] writeFile
[Pipeline] echo
security_mode=enforce
dast_gate_mode=report-only
demo_preset=FULL_PROJECT_DEMO
ci/stages/secrets-scan.sh=ready
ci/stages/sca-scan.sh=ready
ci/stages/sast-scan.sh=ready
ci/stages/iac-scan.sh=ready
ci/stages/container-scan.sh=ready
ci/stages/dast-scan.sh=ready
[Pipeline] }
[Pipeline] // script
[Pipeline] }
[Pipeline] // stage
[Pipeline] stage
[Pipeline] { (4. Secrets Scan)
[Pipeline] script
[Pipeline] {
[Pipeline] fileExists
[Pipeline] sh
+ test -s ci/stages/secrets-scan.sh
[Pipeline] withEnv
[Pipeline] {
[Pipeline] sh
============================================================
  SECRETS SCAN - Gitleaks
  Scan target : /var/jenkins_home/workspace/devsecops-factory
  Report file : /var/jenkins_home/workspace/devsecops-factory/scan-reports/raw/secrets/gitleaks-report.json
============================================================
[*] Gitleaks not found. Installing...
[90m9:33AM[0m [32mINF[0m 20 commits scanned.
[90m9:33AM[0m [32mINF[0m scan completed in 164ms
[90m9:33AM[0m [32mINF[0m no leaks found
[+] Secrets scan completed. No secrets found.
[Pipeline] }
[Pipeline] // withEnv
[Pipeline] fileExists
[Pipeline] }
[Pipeline] // script
[Pipeline] }
[Pipeline] // stage
[Pipeline] stage
[Pipeline] { (5. SCA Scan)
[Pipeline] script
[Pipeline] {
[Pipeline] fileExists
[Pipeline] sh
+ test -s ci/stages/sca-scan.sh
[Pipeline] withEnv
[Pipeline] {
[Pipeline] sh
============================================================
  SCA SCAN - Trivy filesystem
  Scan target : /var/jenkins_home/workspace/devsecops-factory
  Report dir  : /var/jenkins_home/workspace/devsecops-factory/scan-reports/raw/sca
============================================================
[*] Trivy not found. Installing...
aquasecurity/trivy info checking GitHub for latest tag
aquasecurity/trivy info found version: 0.72.0 for v0.72.0/Linux/ARM64
aquasecurity/trivy info installed /var/jenkins_home/.tools/bin/trivy
[*] Vulnerability summary:

Report Summary

┌───────────────────────┬──────┬─────────────────┐
│        Target         │ Type │ Vulnerabilities │
├───────────────────────┼──────┼─────────────────┤
│ app/package-lock.json │ npm  │        0        │
└───────────────────────┴──────┴─────────────────┘
Legend:
- '-': Not scanned
- '0': Clean (no security findings detected)

[*] Generating JSON report...
2026-07-29T09:34:08Z	INFO	[vuln] Vulnerability scanning is enabled
2026-07-29T09:34:08Z	INFO	[npm] Run "npm install" to collect the license information of packages	dir="app/node_modules"
2026-07-29T09:34:08Z	INFO	Suppressing dependencies for development and testing. To display them, try the '--include-dev-deps' flag.
2026-07-29T09:34:08Z	INFO	Number of language-specific files	num=1
2026-07-29T09:34:08Z	INFO	[npm] Detecting vulnerabilities...
[*] Generating HTML report...
2026-07-29T09:34:08Z	WARN	'--template' is ignored because '--format table' is specified. Use '--template' option with '--format template' option.
2026-07-29T09:34:08Z	INFO	[vuln] Vulnerability scanning is enabled
2026-07-29T09:34:08Z	INFO	[npm] Run "npm install" to collect the license information of packages	dir="app/node_modules"
2026-07-29T09:34:08Z	INFO	Suppressing dependencies for development and testing. To display them, try the '--include-dev-deps' flag.
2026-07-29T09:34:08Z	INFO	Number of language-specific files	num=1
2026-07-29T09:34:08Z	INFO	[npm] Detecting vulnerabilities...
[+] SCA scan completed.
[Pipeline] }
[Pipeline] // withEnv
[Pipeline] fileExists
[Pipeline] }
[Pipeline] // script
[Pipeline] }
[Pipeline] // stage
[Pipeline] stage
[Pipeline] { (6. SAST Scan)
[Pipeline] withCredentials
Masking supported pattern matches of $SONAR_TOKEN
[Pipeline] {
[Pipeline] script
[Pipeline] {
[Pipeline] fileExists
[Pipeline] sh
+ test -s ci/stages/sast-scan.sh
[Pipeline] withEnv
[Pipeline] {
[Pipeline] sh
============================================================
  SAST SCAN - SonarQube
  Sonar host  : http://sonarqube:9000
  Project key : devsecops-factory
  Scan target : /var/jenkins_home/workspace/devsecops-factory
  Report file : /var/jenkins_home/workspace/devsecops-factory/scan-reports/raw/sast/sonar-issues.json
============================================================
[*] Sonar Scanner not found. Installing...
[*] Node.js not found. Installing v22.11.0 for linux-arm64...
v22.11.0
INFO: Scanner configuration file: /var/jenkins_home/workspace/devsecops-factory/security/sast/sonar-scanner/conf/sonar-scanner.properties
INFO: Project root configuration file: NONE
INFO: SonarScanner 5.0.1.3006
INFO: Java 17.0.18 Eclipse Adoptium (64-bit)
INFO: Linux 6.12.54-linuxkit aarch64
INFO: User cache: /var/jenkins_home/.sonar/cache
INFO: Analyzing on SonarQube server 13.1.3.3768
INFO: Default locale: "en", source code encoding: "UTF-8" (analysis is platform dependent)
WARN: Java 17 scanner support ends with SonarQube 2026.3 (July 2026). Please upgrade to Java 21 or newer, or use JRE auto-provisioning to keep this requirement always up to date.
INFO: Load global settings
INFO: Load global settings (done) | time=309ms
INFO: Server id: 147B411E-AZ-s7h8-NfswoJ3NE9Br
INFO: Loading required plugins
INFO: Load plugins index
INFO: Load plugins index (done) | time=101ms
INFO: Load/download plugins
INFO: Load/download plugins (done) | time=650ms
INFO: Process project properties
INFO: Process project properties (done) | time=12ms
INFO: Project key: devsecops-factory
INFO: Base dir: /var/jenkins_home/workspace/devsecops-factory
INFO: Working dir: /var/jenkins_home/workspace/devsecops-factory/.scannerwork
INFO: Load project settings for component key: 'devsecops-factory'
INFO: Load quality profiles
INFO: Load quality profiles (done) | time=577ms
INFO: Auto-configuring with CI 'Jenkins'
INFO: Load active rules
INFO: Load active rules (done) | time=968ms
INFO: Load analysis cache
INFO: Load analysis cache (404) | time=16ms
WARN: The property 'sonar.login' is deprecated and will be removed in the future. Please use the 'sonar.token' property instead when passing a token.
INFO: Preprocessing files...
WARN: File '/var/jenkins_home/workspace/devsecops-factory/security/sast/nodejs/bin/node' is bigger than 20MB and as consequence is removed from the analysis scope.
INFO: 9 languages detected in 2537 preprocessed files (done) | time=519ms
INFO: 0 files ignored because of inclusion/exclusion patterns
INFO: 2 directories skipped because of exclusion patterns (content not counted)
INFO: Loading plugins for detected languages
INFO: Load/download plugins
INFO: Load/download plugins (done) | time=2157ms
INFO: Load project repositories
INFO: Load project repositories (done) | time=56ms
INFO: Indexing files...
INFO: Project configuration:
INFO:   Excluded sources: **/node_modules/**, **/dist/**, **/build/**, **/.git/**
INFO: 2537 files indexed (done) | time=953ms
INFO: Quality profile for css: Sonar way
INFO: Quality profile for docker: Sonar way
INFO: Quality profile for js: Sonar way
INFO: Quality profile for json: Sonar way
INFO: Quality profile for py: Sonar way
INFO: Quality profile for terraform: Sonar way
INFO: Quality profile for web: Sonar way
INFO: Quality profile for xml: Sonar way
INFO: Quality profile for yaml: Sonar way
INFO: ------------- Run sensors on module devsecops-factory
INFO: Load metrics repository
INFO: Load metrics repository (done) | time=202ms
INFO: Reflections took 74 ms to scan 1 urls, producing 30 keys and 295 values
INFO: Sensor Python Sensor [python]
WARN: Your code is analyzed as compatible with all Python 3 versions by default. You can get a more precise analysis by setting the exact Python version in your configuration via the parameter "sonar.python.version"
WARN: Access to the multi-values/property set property 'sonar.test.inclusions' should be made using 'getStringArray' method. The SonarQube plugin using this property should be updated.
WARN: Access to the multi-values/property set property 'sonar.test.exclusions' should be made using 'getStringArray' method. The SonarQube plugin using this property should be updated.
WARN: Access to the multi-values/property set property 'sonar.test.inclusions' should be made using 'getStringArray' method. The SonarQube plugin using this property should be updated.
WARN: Access to the multi-values/property set property 'sonar.test.exclusions' should be made using 'getStringArray' method. The SonarQube plugin using this property should be updated.
INFO: Starting global symbols computation
INFO: 5 source files to be analyzed
INFO: 5/5 source files have been analyzed
INFO: Finished step global symbols computation in 813ms
INFO: Starting rules execution
INFO: 5 source files to be analyzed
WARN: SonarPython detected files that look like test code but 'sonar.tests' is not configured. Rules targeting production code were not executed on these files. Configure 'sonar.tests' in your project properties for a more accurate analysis.
INFO: 5/5 source files have been analyzed
INFO: Finished step rules execution in 2667ms
INFO: The Python analyzer was able to leverage cached data from previous analyses for 0 out of 5 files. These files were not parsed.
INFO: Sensor Python Sensor [python] (done) | time=4300ms
INFO: Sensor Cobertura Sensor for Python coverage [python]
INFO: Sensor Cobertura Sensor for Python coverage [python] (done) | time=91ms
INFO: Sensor PythonXUnitSensor [python]
INFO: Sensor PythonXUnitSensor [python] (done) | time=42ms
INFO: Sensor Python Dependency Sensor [python]
INFO: Sensor Python Dependency Sensor [python] (done) | time=11ms
INFO: Sensor HTML [web]
INFO: Sensor HTML [web] (done) | time=114ms
INFO: Sensor XML Sensor [xml]
INFO: 1 source file to be analyzed
INFO: 1/1 source file has been analyzed
INFO: Sensor XML Sensor [xml] (done) | time=200ms
INFO: Sensor IaC Terraform Sensor [iac]
INFO: 3 source files to be analyzed
INFO: 3/3 source files have been analyzed
INFO: Sensor IaC Terraform Sensor [iac] (done) | time=329ms
INFO: Sensor IaC TFLint report Sensor [iac]
INFO: Sensor IaC TFLint report Sensor [iac] (done) | time=2ms
INFO: Sensor IaC CloudFormation Sensor [iac]
INFO: There are no files to be analyzed for the CloudFormation language
INFO: Sensor IaC CloudFormation Sensor [iac] (done) | time=135ms
INFO: Sensor IaC cfn-lint report Sensor [iac]
INFO: Sensor IaC cfn-lint report Sensor [iac] (done) | time=0ms
INFO: Sensor IaC Kustomization Sensor [iac]
WARN: Invalid character encountered in file /var/jenkins_home/workspace/devsecops-factory/app/src/images/background.jpg at line 1 for encoding UTF-8. Please fix file content or configure the encoding to be used using property 'sonar.sourceEncoding'.
WARN: Invalid character encountered in file /var/jenkins_home/workspace/devsecops-factory/app/assets/react-tetris-mobile-2.png at line 1 for encoding UTF-8. Please fix file content or configure the encoding to be used using property 'sonar.sourceEncoding'.
WARN: Invalid character encountered in file /var/jenkins_home/workspace/devsecops-factory/results/app-01-run_build_app.jpg at line 1 for encoding UTF-8. Please fix file content or configure the encoding to be used using property 'sonar.sourceEncoding'.
WARN: Invalid character encountered in file /var/jenkins_home/workspace/devsecops-factory/app/src/images/background-min.jpg at line 1 for encoding UTF-8. Please fix file content or configure the encoding to be used using property 'sonar.sourceEncoding'.
WARN: Invalid character encountered in file /var/jenkins_home/workspace/devsecops-factory/results/task-2/evidence/screenshots/task2-01-jenkins-stages.png at line 1 for encoding UTF-8. Please fix file content or configure the encoding to be used using property 'sonar.sourceEncoding'.
WARN: Invalid character encountered in file /var/jenkins_home/workspace/devsecops-factory/results/task-2/evidence/screenshots/task2-01b-jenkins-build-push-stages.png at line 1 for encoding UTF-8. Please fix file content or configure the encoding to be used using property 'sonar.sourceEncoding'.
WARN: Invalid character encountered in file /var/jenkins_home/workspace/devsecops-factory/results/task-2/evidence/screenshots/task2-02-security-artifacts.png at line 1 for encoding UTF-8. Please fix file content or configure the encoding to be used using property 'sonar.sourceEncoding'.
WARN: Invalid character encountered in file /var/jenkins_home/workspace/devsecops-factory/results/app-02-build_docker.jpg at line 1 for encoding UTF-8. Please fix file content or configure the encoding to be used using property 'sonar.sourceEncoding'.
WARN: Invalid character encountered in file /var/jenkins_home/workspace/devsecops-factory/security/sast/sonar-scanner/lib/sonar-scanner-cli-5.0.1.3006.jar at line 1 for encoding UTF-8. Please fix file content or configure the encoding to be used using property 'sonar.sourceEncoding'.
WARN: Invalid character encountered in file /var/jenkins_home/workspace/devsecops-factory/results/task-2/final-evidence/screenshots/tetris-staging-full-window.png at line 1 for encoding UTF-8. Please fix file content or configure the encoding to be used using property 'sonar.sourceEncoding'.
WARN: Invalid character encountered in file /var/jenkins_home/workspace/devsecops-factory/results/task-2/final-evidence/screenshots/argocd-applications-synced-healthy-full-page.png at line 1 for encoding UTF-8. Please fix file content or configure the encoding to be used using property 'sonar.sourceEncoding'.
WARN: Invalid character encountered in file /var/jenkins_home/workspace/devsecops-factory/results/app-02-start_docker.jpg at line 1 for encoding UTF-8. Please fix file content or configure the encoding to be used using property 'sonar.sourceEncoding'.
WARN: Invalid character encountered in file /var/jenkins_home/workspace/devsecops-factory/app/assets/react-tetris-desktop-1.png at line 1 for encoding UTF-8. Please fix file content or configure the encoding to be used using property 'sonar.sourceEncoding'.
WARN: Invalid character encountered in file /var/jenkins_home/workspace/devsecops-factory/results/app-02-docker_app.jpg at line 1 for encoding UTF-8. Please fix file content or configure the encoding to be used using property 'sonar.sourceEncoding'.
WARN: Invalid character encountered in file /var/jenkins_home/workspace/devsecops-factory/results/task-2/final-evidence/screenshots/argocd-summary-synced-healthy-full-page.png at line 1 for encoding UTF-8. Please fix file content or configure the encoding to be used using property 'sonar.sourceEncoding'.
WARN: Invalid character encountered in file /var/jenkins_home/workspace/devsecops-factory/app/assets/react-tetris-mobile-1.png at line 1 for encoding UTF-8. Please fix file content or configure the encoding to be used using property 'sonar.sourceEncoding'.
WARN: Invalid character encountered in file /var/jenkins_home/workspace/devsecops-factory/results/task-2/final-evidence/screenshots/sonarqube-quality-gate-full-page.png at line 1 for encoding UTF-8. Please fix file content or configure the encoding to be used using property 'sonar.sourceEncoding'.
WARN: Invalid character encountered in file /var/jenkins_home/workspace/devsecops-factory/results/task-2/final-evidence/screenshots/tetris-production-game-full-window.png at line 1 for encoding UTF-8. Please fix file content or configure the encoding to be used using property 'sonar.sourceEncoding'.
WARN: Invalid character encountered in file /var/jenkins_home/workspace/devsecops-factory/results/task-2/final-evidence/screenshots/tetris-production-full-window.png at line 1 for encoding UTF-8. Please fix file content or configure the encoding to be used using property 'sonar.sourceEncoding'.
INFO: Sensor IaC Kustomization Sensor [iac] (done) | time=10229ms
INFO: Sensor IaC hadolint report Sensor [iac]
INFO: Sensor IaC hadolint report Sensor [iac] (done) | time=0ms
INFO: Sensor IaC Azure Resource Manager Sensor [iac]
INFO: There are no files to be analyzed for the Azure Resource Manager language
INFO: Sensor IaC Azure Resource Manager Sensor [iac] (done) | time=6ms
INFO: Sensor Java Config Sensor [iac]
INFO: There are no files to be analyzed for the Java language
INFO: Sensor Java Config Sensor [iac] (done) | time=1ms
INFO: Sensor IaC Docker Sensor [iac]
INFO: 4 source files to be analyzed
INFO: 4/4 source files have been analyzed
INFO: Sensor IaC Docker Sensor [iac] (done) | time=397ms
INFO: Sensor IaC Kubernetes Sensor [iac]
INFO: 10 source files to be parsed
INFO: 10/10 source files have been parsed
INFO: 10 source files to be analyzed
INFO: 10/10 source files have been analyzed
INFO: 10 source files to be checked
INFO: 10/10 source files have been checked
INFO: Sensor IaC Kubernetes Sensor [iac] (done) | time=335ms
INFO: Sensor TextAndSecretsSensor [text]
INFO: Available processors: 8
INFO: Using 8 threads for analysis.
INFO: The property "sonar.tests" is not set. To improve the analysis accuracy, we categorize a file as a test file if any of the following is true:
  * The filename starts with "test"
  * The filename contains "test." or "tests."
  * Any directory in the file path is named: "doc", "docs", "test", "tests", "mock" or "mocks"
  * Any directory in the file path has a name ending in "test" or "tests"

INFO: Start fetching files for the text and secrets analysis
INFO: Using Git CLI to retrieve dirty files
INFO: Retrieving language associated files and files included via "sonar.text.inclusions" that are tracked by git
INFO: Starting the text and secrets analysis
INFO: 93 source files to be analyzed for the text and secrets analysis
INFO: 93/93 source files have been analyzed for the text and secrets analysis
INFO: Skipped 2 file(s) in the secrets analysis due to automatic test file detection
INFO: 1 file is ignored because it is untracked by git or has been modified
INFO: Sensor TextAndSecretsSensor [text] (done) | time=859ms
INFO: ------------- Run sensors on project
INFO: Sensor JavaScript/TypeScript/CSS analysis [javascript]
INFO: Detected os: Linux arch: aarch64 alpine: false. Platform: LINUX_ARM64
INFO: Using Node.js executable: 'node'.
INFO: Memory configuration: OS (3918 MB), Node.js (2007 MB).
INFO: gRPC analyze-project server listening on 127.0.0.1:36645
WARN: Using Node.js version 22.11 to execute analysis is not recommended. Please upgrade to a newer LTS version of Node.js: 24.0.
INFO: Plugin version: [13.1.0.42921]
INFO: Found 0 tsconfig.json file(s): []
INFO: 17 source files to be analyzed
INFO: Analyzing 12 file(s) using default options [lib: lib.es2024.d.ts, lib.dom.d.ts]
INFO: 17/17 source files have been analyzed
INFO: Hit the cache for 0 out of 15
INFO: Miss the cache for 15 out of 15: ANALYSIS_MODE_INELIGIBLE [15/15]
INFO: Sensor JavaScript/TypeScript/CSS analysis [javascript] (done) | time=14448ms
INFO: Sensor IaC Project Sensor [iac]
INFO: Sensor IaC Project Sensor [iac] (done) | time=6ms
INFO: Sensor Zero Coverage Sensor
INFO: Sensor Zero Coverage Sensor (done) | time=55ms
INFO: ------------- Gather SCA dependencies on project
INFO: Dependency analysis skipped
INFO: SCM Publisher is disabled
INFO: CPD Executor 8 files had no CPD blocks
INFO: CPD Executor Calculating CPD for 14 files
INFO: CPD Executor CPD calculation finished (done) | time=18ms
INFO: Analysis report generated in 945ms, dir size=596.5 kB
INFO: Analysis report compressed in 92ms, zip size=222.4 kB
INFO: Analysis report uploaded in 1763ms
INFO: ------------- Check Quality Gate status
INFO: Waiting for the analysis report to be processed (max 300s)
INFO: QUALITY GATE STATUS: PASSED - View details on http://sonarqube:9000/dashboard?id=devsecops-factory
INFO: Analysis total time: 1:00.172 s
INFO: ------------------------------------------------------------------------
INFO: EXECUTION SUCCESS
INFO: ------------------------------------------------------------------------
INFO: Total time: 1:03.323s
INFO: Final Memory: 57M/197M
INFO: ------------------------------------------------------------------------
[*] Exporting SonarQube issues JSON...
[+] SAST scan completed.
[Pipeline] }
[Pipeline] // withEnv
[Pipeline] fileExists
[Pipeline] }
[Pipeline] // script
[Pipeline] }
[Pipeline] // withCredentials
[Pipeline] }
[Pipeline] // stage
[Pipeline] stage
[Pipeline] { (7. IaC Scan)
[Pipeline] script
[Pipeline] {
[Pipeline] fileExists
[Pipeline] sh
+ test -s ci/stages/iac-scan.sh
[Pipeline] withEnv
[Pipeline] {
[Pipeline] sh
============================================================
  IaC SCAN - Checkov
  Scan target : /var/jenkins_home/workspace/devsecops-factory
  Report file : /var/jenkins_home/workspace/devsecops-factory/scan-reports/raw/iac/checkov-report.json
============================================================
[*] Creating temporary scan volume...
Unable to find image 'alpine:latest' locally
latest: Pulling from library/alpine
5de55e5ef9c0: Pulling fs layer
5de55e5ef9c0: Verifying Checksum
5de55e5ef9c0: Download complete
5de55e5ef9c0: Pull complete
Digest: sha256:28bd5fe8b56d1bd048e5babf5b10710ebe0bae67db86916198a6eec434943f8b
Status: Downloaded newer image for alpine:latest
[*] Copying scan target into temporary volume...
[*] Running Checkov summary...
Unable to find image 'bridgecrew/checkov:latest' locally
latest: Pulling from bridgecrew/checkov
3be819c1c8cf: Pulling fs layer
5de3447f1694: Pulling fs layer
893598fa51bf: Pulling fs layer
83b66262eec7: Pulling fs layer
b3723684237a: Pulling fs layer
60177b91e413: Pulling fs layer
171a8eaf7a10: Pulling fs layer
39f744dc0a5f: Pulling fs layer
4e751e9cab37: Pulling fs layer
83b66262eec7: Waiting
b3723684237a: Waiting
60177b91e413: Waiting
171a8eaf7a10: Waiting
39f744dc0a5f: Waiting
4e751e9cab37: Waiting
5de3447f1694: Verifying Checksum
5de3447f1694: Download complete
893598fa51bf: Verifying Checksum
893598fa51bf: Download complete
3be819c1c8cf: Verifying Checksum
3be819c1c8cf: Download complete
83b66262eec7: Verifying Checksum
83b66262eec7: Download complete
171a8eaf7a10: Verifying Checksum
171a8eaf7a10: Download complete
b3723684237a: Verifying Checksum
b3723684237a: Download complete
39f744dc0a5f: Verifying Checksum
39f744dc0a5f: Download complete
3be819c1c8cf: Pull complete
5de3447f1694: Pull complete
4e751e9cab37: Verifying Checksum
4e751e9cab37: Download complete
60177b91e413: Verifying Checksum
60177b91e413: Download complete
893598fa51bf: Pull complete
83b66262eec7: Pull complete
b3723684237a: Pull complete
60177b91e413: Pull complete
171a8eaf7a10: Pull complete
39f744dc0a5f: Pull complete
4e751e9cab37: Pull complete
Digest: sha256:c64ffb6d6fc8087c896341a2c697770a04a1cf558db04fa7b8129d8ca6bce336
Status: Downloaded newer image for bridgecrew/checkov:latest
terraform scan results:

Passed checks: 67, Failed checks: 39, Skipped checks: 0

Check: CKV_AWS_51: "Ensure ECR Image Tags are immutable"
	FAILED for resource: aws_ecr_repository.tetris
	File: /infrastructure/terraform/main.tf:113-130
	Guide: https://docs.prismacloud.io/en/enterprise-edition/policy-reference/aws-policies/aws-general-policies/bc-aws-general-24

		113 | resource "aws_ecr_repository" "tetris" {
		114 |   name                 = "devsecops/tetris"
		115 |   image_tag_mutability = "MUTABLE"
		116 |   force_delete         = true
		117 | 
		118 |   image_scanning_configuration {
		119 |     scan_on_push = true
		120 |   }
		121 | 
		122 |   encryption_configuration {
		123 |     encryption_type = "AES256"
		124 |   }
		125 | 
		126 |   tags = {
		127 |     Name        = "${var.project_name}-ecr"
		128 |     Environment = "shared"
		129 |   }
		130 | }

Check: CKV_AWS_136: "Ensure that ECR repositories are encrypted using KMS"
	FAILED for resource: aws_ecr_repository.tetris
	File: /infrastructure/terraform/main.tf:113-130
	Guide: https://docs.prismacloud.io/en/enterprise-edition/policy-reference/aws-policies/aws-general-policies/ensure-that-ecr-repositories-are-encrypted

		113 | resource "aws_ecr_repository" "tetris" {
		114 |   name                 = "devsecops/tetris"
		115 |   image_tag_mutability = "MUTABLE"
		116 |   force_delete         = true
		117 | 
		118 |   image_scanning_configuration {
		119 |     scan_on_push = true
		120 |   }
		121 | 
		122 |   encryption_configuration {
		123 |     encryption_type = "AES256"
		124 |   }
		125 | 
		126 |   tags = {
		127 |     Name        = "${var.project_name}-ecr"
		128 |     Environment = "shared"
		129 |   }
		130 | }

Check: CKV_AWS_355: "Ensure no IAM policies documents allow "*" as a statement's resource for restrictable actions"
	FAILED for resource: aws_iam_policy.jenkins_ci
	File: /infrastructure/terraform/main.tf:364-417
	Guide: https://docs.prismacloud.io/en/enterprise-edition/policy-reference/aws-policies/aws-iam-policies/bc-aws-355

		Code lines for this resource are too many. Please use IDE of your choice to review the file.
Check: CKV_AWS_290: "Ensure IAM policies does not allow write access without constraints"
	FAILED for resource: aws_iam_policy.jenkins_ci
	File: /infrastructure/terraform/main.tf:364-417
	Guide: https://docs.prismacloud.io/en/enterprise-edition/policy-reference/aws-policies/aws-iam-policies/bc-aws-290

		Code lines for this resource are too many. Please use IDE of your choice to review the file.
Check: CKV_AWS_130: "Ensure VPC subnets do not assign public IP by default"
	FAILED for resource: aws_subnet.public_1
	File: /infrastructure/terraform/main.tf:467-476
	Guide: https://docs.prismacloud.io/en/enterprise-edition/policy-reference/aws-policies/aws-networking-policies/ensure-vpc-subnets-do-not-assign-public-ip-by-default

		467 | resource "aws_subnet" "public_1" {
		468 |   vpc_id                  = aws_vpc.main.id
		469 |   cidr_block              = "10.0.1.0/24"
		470 |   availability_zone       = data.aws_availability_zones.available.names[0]
		471 |   map_public_ip_on_launch = true
		472 | 
		473 |   tags = {
		474 |     Name = "${var.project_name}-public-1"
		475 |   }
		476 | }

Check: CKV_AWS_130: "Ensure VPC subnets do not assign public IP by default"
	FAILED for resource: aws_subnet.public_2
	File: /infrastructure/terraform/main.tf:478-487
	Guide: https://docs.prismacloud.io/en/enterprise-edition/policy-reference/aws-policies/aws-networking-policies/ensure-vpc-subnets-do-not-assign-public-ip-by-default

		478 | resource "aws_subnet" "public_2" {
		479 |   vpc_id                  = aws_vpc.main.id
		480 |   cidr_block              = "10.0.2.0/24"
		481 |   availability_zone       = data.aws_availability_zones.available.names[1]
		482 |   map_public_ip_on_launch = true
		483 | 
		484 |   tags = {
		485 |     Name = "${var.project_name}-public-2"
		486 |   }
		487 | }

Check: CKV_AWS_158: "Ensure that CloudWatch Log Group is encrypted by KMS"
	FAILED for resource: aws_cloudwatch_log_group.ecs
	File: /infrastructure/terraform/main.tf:515-518
	Guide: https://docs.prismacloud.io/en/enterprise-edition/policy-reference/aws-policies/aws-general-policies/ensure-that-cloudwatch-log-group-is-encrypted-by-kms

		515 | resource "aws_cloudwatch_log_group" "ecs" {
		516 |   name              = "/ecs/${var.project_name}"
		517 |   retention_in_days = 7
		518 | }

Check: CKV_AWS_338: "Ensure CloudWatch log groups retains logs for at least 1 year"
	FAILED for resource: aws_cloudwatch_log_group.ecs
	File: /infrastructure/terraform/main.tf:515-518
	Guide: https://docs.prismacloud.io/en/enterprise-edition/policy-reference/aws-policies/aws-logging-policies/bc-aws-338

		515 | resource "aws_cloudwatch_log_group" "ecs" {
		516 |   name              = "/ecs/${var.project_name}"
		517 |   retention_in_days = 7
		518 | }

Check: CKV_AWS_23: "Ensure every security group and rule has a description"
	FAILED for resource: aws_security_group.alb_staging
	File: /infrastructure/terraform/main.tf:525-543
	Guide: https://docs.prismacloud.io/en/enterprise-edition/policy-reference/aws-policies/aws-networking-policies/networking-31

		525 | resource "aws_security_group" "alb_staging" {
		526 |   name        = "${var.project_name}-alb-staging-sg"
		527 |   description = "Allow inbound HTTP to staging ALB"
		528 |   vpc_id      = aws_vpc.main.id
		529 | 
		530 |   ingress {
		531 |     from_port   = 80
		532 |     to_port     = 80
		533 |     protocol    = "tcp"
		534 |     cidr_blocks = ["0.0.0.0/0"]
		535 |   }
		536 | 
		537 |   egress {
		538 |     from_port   = 0
		539 |     to_port     = 0
		540 |     protocol    = "-1"
		541 |     cidr_blocks = ["0.0.0.0/0"]
		542 |   }
		543 | }

Check: CKV_AWS_382: "Ensure no security groups allow egress from 0.0.0.0:0 to port -1"
	FAILED for resource: aws_security_group.alb_staging
	File: /infrastructure/terraform/main.tf:525-543
	Guide: https://docs.prismacloud.io/en/enterprise-edition/policy-reference/aws-policies/aws-networking-policies/bc-aws-382

		525 | resource "aws_security_group" "alb_staging" {
		526 |   name        = "${var.project_name}-alb-staging-sg"
		527 |   description = "Allow inbound HTTP to staging ALB"
		528 |   vpc_id      = aws_vpc.main.id
		529 | 
		530 |   ingress {
		531 |     from_port   = 80
		532 |     to_port     = 80
		533 |     protocol    = "tcp"
		534 |     cidr_blocks = ["0.0.0.0/0"]
		535 |   }
		536 | 
		537 |   egress {
		538 |     from_port   = 0
		539 |     to_port     = 0
		540 |     protocol    = "-1"
		541 |     cidr_blocks = ["0.0.0.0/0"]
		542 |   }
		543 | }

Check: CKV_AWS_260: "Ensure no security groups allow ingress from 0.0.0.0:0 to port 80"
	FAILED for resource: aws_security_group.alb_staging
	File: /infrastructure/terraform/main.tf:525-543
	Guide: https://docs.prismacloud.io/en/enterprise-edition/policy-reference/aws-policies/aws-networking-policies/ensure-aws-security-groups-do-not-allow-ingress-from-00000-to-port-80

		525 | resource "aws_security_group" "alb_staging" {
		526 |   name        = "${var.project_name}-alb-staging-sg"
		527 |   description = "Allow inbound HTTP to staging ALB"
		528 |   vpc_id      = aws_vpc.main.id
		529 | 
		530 |   ingress {
		531 |     from_port   = 80
		532 |     to_port     = 80
		533 |     protocol    = "tcp"
		534 |     cidr_blocks = ["0.0.0.0/0"]
		535 |   }
		536 | 
		537 |   egress {
		538 |     from_port   = 0
		539 |     to_port     = 0
		540 |     protocol    = "-1"
		541 |     cidr_blocks = ["0.0.0.0/0"]
		542 |   }
		543 | }

Check: CKV_AWS_23: "Ensure every security group and rule has a description"
	FAILED for resource: aws_security_group.alb_production
	File: /infrastructure/terraform/main.tf:546-564
	Guide: https://docs.prismacloud.io/en/enterprise-edition/policy-reference/aws-policies/aws-networking-policies/networking-31

		546 | resource "aws_security_group" "alb_production" {
		547 |   name        = "${var.project_name}-alb-prod-sg"
		548 |   description = "Allow inbound HTTP to production ALB"
		549 |   vpc_id      = aws_vpc.main.id
		550 | 
		551 |   ingress {
		552 |     from_port   = 80
		553 |     to_port     = 80
		554 |     protocol    = "tcp"
		555 |     cidr_blocks = ["0.0.0.0/0"]
		556 |   }
		557 | 
		558 |   egress {
		559 |     from_port   = 0
		560 |     to_port     = 0
		561 |     protocol    = "-1"
		562 |     cidr_blocks = ["0.0.0.0/0"]
		563 |   }
		564 | }

Check: CKV_AWS_382: "Ensure no security groups allow egress from 0.0.0.0:0 to port -1"
	FAILED for resource: aws_security_group.alb_production
	File: /infrastructure/terraform/main.tf:546-564
	Guide: https://docs.prismacloud.io/en/enterprise-edition/policy-reference/aws-policies/aws-networking-policies/bc-aws-382

		546 | resource "aws_security_group" "alb_production" {
		547 |   name        = "${var.project_name}-alb-prod-sg"
		548 |   description = "Allow inbound HTTP to production ALB"
		549 |   vpc_id      = aws_vpc.main.id
		550 | 
		551 |   ingress {
		552 |     from_port   = 80
		553 |     to_port     = 80
		554 |     protocol    = "tcp"
		555 |     cidr_blocks = ["0.0.0.0/0"]
		556 |   }
		557 | 
		558 |   egress {
		559 |     from_port   = 0
		560 |     to_port     = 0
		561 |     protocol    = "-1"
		562 |     cidr_blocks = ["0.0.0.0/0"]
		563 |   }
		564 | }

Check: CKV_AWS_260: "Ensure no security groups allow ingress from 0.0.0.0:0 to port 80"
	FAILED for resource: aws_security_group.alb_production
	File: /infrastructure/terraform/main.tf:546-564
	Guide: https://docs.prismacloud.io/en/enterprise-edition/policy-reference/aws-policies/aws-networking-policies/ensure-aws-security-groups-do-not-allow-ingress-from-00000-to-port-80

		546 | resource "aws_security_group" "alb_production" {
		547 |   name        = "${var.project_name}-alb-prod-sg"
		548 |   description = "Allow inbound HTTP to production ALB"
		549 |   vpc_id      = aws_vpc.main.id
		550 | 
		551 |   ingress {
		552 |     from_port   = 80
		553 |     to_port     = 80
		554 |     protocol    = "tcp"
		555 |     cidr_blocks = ["0.0.0.0/0"]
		556 |   }
		557 | 
		558 |   egress {
		559 |     from_port   = 0
		560 |     to_port     = 0
		561 |     protocol    = "-1"
		562 |     cidr_blocks = ["0.0.0.0/0"]
		563 |   }
		564 | }

Check: CKV_AWS_23: "Ensure every security group and rule has a description"
	FAILED for resource: aws_security_group.ecs_tasks
	File: /infrastructure/terraform/main.tf:567-594
	Guide: https://docs.prismacloud.io/en/enterprise-edition/policy-reference/aws-policies/aws-networking-policies/networking-31

		567 | resource "aws_security_group" "ecs_tasks" {
		568 |   name        = "${var.project_name}-ecs-tasks-sg"
		569 |   description = "Allow inbound traffic from ALBs only"
		570 |   vpc_id      = aws_vpc.main.id
		571 | 
		572 |   ingress {
		573 |     description     = "Traffic from staging ALB"
		574 |     from_port       = var.container_port
		575 |     to_port         = var.container_port
		576 |     protocol        = "tcp"
		577 |     security_groups = [aws_security_group.alb_staging.id]
		578 |   }
		579 | 
		580 |   ingress {
		581 |     description     = "Traffic from production ALB"
		582 |     from_port       = var.container_port
		583 |     to_port         = var.container_port
		584 |     protocol        = "tcp"
		585 |     security_groups = [aws_security_group.alb_production.id]
		586 |   }
		587 | 
		588 |   egress {
		589 |     from_port   = 0
		590 |     to_port     = 0
		591 |     protocol    = "-1"
		592 |     cidr_blocks = ["0.0.0.0/0"] # Needed to pull image from ECR
		593 |   }
		594 | }

Check: CKV_AWS_382: "Ensure no security groups allow egress from 0.0.0.0:0 to port -1"
	FAILED for resource: aws_security_group.ecs_tasks
	File: /infrastructure/terraform/main.tf:567-594
	Guide: https://docs.prismacloud.io/en/enterprise-edition/policy-reference/aws-policies/aws-networking-policies/bc-aws-382

		567 | resource "aws_security_group" "ecs_tasks" {
		568 |   name        = "${var.project_name}-ecs-tasks-sg"
		569 |   description = "Allow inbound traffic from ALBs only"
		570 |   vpc_id      = aws_vpc.main.id
		571 | 
		572 |   ingress {
		573 |     description     = "Traffic from staging ALB"
		574 |     from_port       = var.container_port
		575 |     to_port         = var.container_port
		576 |     protocol        = "tcp"
		577 |     security_groups = [aws_security_group.alb_staging.id]
		578 |   }
		579 | 
		580 |   ingress {
		581 |     description     = "Traffic from production ALB"
		582 |     from_port       = var.container_port
		583 |     to_port         = var.container_port
		584 |     protocol        = "tcp"
		585 |     security_groups = [aws_security_group.alb_production.id]
		586 |   }
		587 | 
		588 |   egress {
		589 |     from_port   = 0
		590 |     to_port     = 0
		591 |     protocol    = "-1"
		592 |     cidr_blocks = ["0.0.0.0/0"] # Needed to pull image from ECR
		593 |   }
		594 | }

Check: CKV_AWS_150: "Ensure that Load Balancer has deletion protection enabled"
	FAILED for resource: aws_lb.staging
	File: /infrastructure/terraform/main.tf:623-633
	Guide: https://docs.prismacloud.io/en/enterprise-edition/policy-reference/aws-policies/aws-general-policies/bc-aws-150

		623 | resource "aws_lb" "staging" {
		624 |   name               = "${var.project_name}-alb-staging"
		625 |   internal           = false
		626 |   load_balancer_type = "application"
		627 |   security_groups    = [aws_security_group.alb_staging.id]
		628 |   subnets            = [aws_subnet.public_1.id, aws_subnet.public_2.id]
		629 | 
		630 |   tags = {
		631 |     Environment = var.environment_staging
		632 |   }
		633 | }

Check: CKV_AWS_91: "Ensure the ELBv2 (Application/Network) has access logging enabled"
	FAILED for resource: aws_lb.staging
	File: /infrastructure/terraform/main.tf:623-633
	Guide: https://docs.prismacloud.io/en/enterprise-edition/policy-reference/aws-policies/aws-logging-policies/bc-aws-logging-22

		623 | resource "aws_lb" "staging" {
		624 |   name               = "${var.project_name}-alb-staging"
		625 |   internal           = false
		626 |   load_balancer_type = "application"
		627 |   security_groups    = [aws_security_group.alb_staging.id]
		628 |   subnets            = [aws_subnet.public_1.id, aws_subnet.public_2.id]
		629 | 
		630 |   tags = {
		631 |     Environment = var.environment_staging
		632 |   }
		633 | }

Check: CKV_AWS_131: "Ensure that ALB drops HTTP headers"
	FAILED for resource: aws_lb.staging
	File: /infrastructure/terraform/main.tf:623-633
	Guide: https://docs.prismacloud.io/en/enterprise-edition/policy-reference/aws-policies/aws-networking-policies/ensure-that-alb-drops-http-headers

		623 | resource "aws_lb" "staging" {
		624 |   name               = "${var.project_name}-alb-staging"
		625 |   internal           = false
		626 |   load_balancer_type = "application"
		627 |   security_groups    = [aws_security_group.alb_staging.id]
		628 |   subnets            = [aws_subnet.public_1.id, aws_subnet.public_2.id]
		629 | 
		630 |   tags = {
		631 |     Environment = var.environment_staging
		632 |   }
		633 | }

Check: CKV_AWS_2: "Ensure ALB protocol is HTTPS"
	FAILED for resource: aws_lb_listener.staging
	File: /infrastructure/terraform/main.tf:653-662
	Guide: https://docs.prismacloud.io/en/enterprise-edition/policy-reference/aws-policies/aws-networking-policies/networking-29

		653 | resource "aws_lb_listener" "staging" {
		654 |   load_balancer_arn = aws_lb.staging.arn
		655 |   port              = "80"
		656 |   protocol          = "HTTP"
		657 | 
		658 |   default_action {
		659 |     type             = "forward"
		660 |     target_group_arn = aws_lb_target_group.staging.arn
		661 |   }
		662 | }

Check: CKV_AWS_150: "Ensure that Load Balancer has deletion protection enabled"
	FAILED for resource: aws_lb.production
	File: /infrastructure/terraform/main.tf:665-675
	Guide: https://docs.prismacloud.io/en/enterprise-edition/policy-reference/aws-policies/aws-general-policies/bc-aws-150

		665 | resource "aws_lb" "production" {
		666 |   name               = "${var.project_name}-alb-prod"
		667 |   internal           = false
		668 |   load_balancer_type = "application"
		669 |   security_groups    = [aws_security_group.alb_production.id]
		670 |   subnets            = [aws_subnet.public_1.id, aws_subnet.public_2.id]
		671 | 
		672 |   tags = {
		673 |     Environment = var.environment_production
		674 |   }
		675 | }

Check: CKV_AWS_91: "Ensure the ELBv2 (Application/Network) has access logging enabled"
	FAILED for resource: aws_lb.production
	File: /infrastructure/terraform/main.tf:665-675
	Guide: https://docs.prismacloud.io/en/enterprise-edition/policy-reference/aws-policies/aws-logging-policies/bc-aws-logging-22

		665 | resource "aws_lb" "production" {
		666 |   name               = "${var.project_name}-alb-prod"
		667 |   internal           = false
		668 |   load_balancer_type = "application"
		669 |   security_groups    = [aws_security_group.alb_production.id]
		670 |   subnets            = [aws_subnet.public_1.id, aws_subnet.public_2.id]
		671 | 
		672 |   tags = {
		673 |     Environment = var.environment_production
		674 |   }
		675 | }

Check: CKV_AWS_131: "Ensure that ALB drops HTTP headers"
	FAILED for resource: aws_lb.production
	File: /infrastructure/terraform/main.tf:665-675
	Guide: https://docs.prismacloud.io/en/enterprise-edition/policy-reference/aws-policies/aws-networking-policies/ensure-that-alb-drops-http-headers

		665 | resource "aws_lb" "production" {
		666 |   name               = "${var.project_name}-alb-prod"
		667 |   internal           = false
		668 |   load_balancer_type = "application"
		669 |   security_groups    = [aws_security_group.alb_production.id]
		670 |   subnets            = [aws_subnet.public_1.id, aws_subnet.public_2.id]
		671 | 
		672 |   tags = {
		673 |     Environment = var.environment_production
		674 |   }
		675 | }

Check: CKV_AWS_2: "Ensure ALB protocol is HTTPS"
	FAILED for resource: aws_lb_listener.production
	File: /infrastructure/terraform/main.tf:695-704
	Guide: https://docs.prismacloud.io/en/enterprise-edition/policy-reference/aws-policies/aws-networking-policies/networking-29

		695 | resource "aws_lb_listener" "production" {
		696 |   load_balancer_arn = aws_lb.production.arn
		697 |   port              = "80"
		698 |   protocol          = "HTTP"
		699 | 
		700 |   default_action {
		701 |     type             = "forward"
		702 |     target_group_arn = aws_lb_target_group.production.arn
		703 |   }
		704 | }

Check: CKV_AWS_333: "Ensure ECS services do not have public IP addresses assigned to them automatically"
	FAILED for resource: aws_ecs_service.staging
	File: /infrastructure/terraform/main.tf:810-844
	Guide: https://docs.prismacloud.io/en/enterprise-edition/policy-reference/aws-policies/aws-logging-policies/bc-aws-333

		810 | resource "aws_ecs_service" "staging" {
		811 |   name            = "tetris-staging"
		812 |   cluster         = aws_ecs_cluster.main.id
		813 |   task_definition = aws_ecs_task_definition.tetris.arn
		814 |   desired_count   = var.staging_desired_count
		815 | 
		816 |   # Run on FARGATE_SPOT to minimize cost
		817 |   capacity_provider_strategy {
		818 |     capacity_provider = "FARGATE_SPOT"
		819 |     weight            = 100
		820 |   }
		821 | 
		822 |   network_configuration {
		823 |     subnets          = [aws_subnet.public_1.id, aws_subnet.public_2.id]
		824 |     security_groups  = [aws_security_group.ecs_tasks.id]
		825 |     assign_public_ip = true # Assign public IP to access ECR and pull base images
		826 |   }
		827 | 
		828 |   load_balancer {
		829 |     target_group_arn = aws_lb_target_group.staging.arn
		830 |     container_name   = "tetris"
		831 |     container_port   = var.container_port
		832 |   }
		833 | 
		834 |   deployment_circuit_breaker {
		835 |     enable   = true
		836 |     rollback = true
		837 |   }
		838 | 
		839 |   lifecycle {
		840 |     ignore_changes = [desired_count, task_definition]
		841 |   }
		842 | 
		843 |   depends_on = [aws_lb_listener.staging]
		844 | }

Check: CKV_AWS_333: "Ensure ECS services do not have public IP addresses assigned to them automatically"
	FAILED for resource: aws_ecs_service.production
	File: /infrastructure/terraform/main.tf:847-880
	Guide: https://docs.prismacloud.io/en/enterprise-edition/policy-reference/aws-policies/aws-logging-policies/bc-aws-333

		847 | resource "aws_ecs_service" "production" {
		848 |   name            = "tetris-production"
		849 |   cluster         = aws_ecs_cluster.main.id
		850 |   task_definition = aws_ecs_task_definition.tetris.arn
		851 |   desired_count   = var.production_desired_count
		852 | 
		853 |   capacity_provider_strategy {
		854 |     capacity_provider = "FARGATE"
		855 |     weight            = 100
		856 |   }
		857 | 
		858 |   network_configuration {
		859 |     subnets          = [aws_subnet.public_1.id, aws_subnet.public_2.id]
		860 |     security_groups  = [aws_security_group.ecs_tasks.id]
		861 |     assign_public_ip = true
		862 |   }
		863 | 
		864 |   load_balancer {
		865 |     target_group_arn = aws_lb_target_group.production.arn
		866 |     container_name   = "tetris"
		867 |     container_port   = var.container_port
		868 |   }
		869 | 
		870 |   deployment_circuit_breaker {
		871 |     enable   = true
		872 |     rollback = true
		873 |   }
		874 | 
		875 |   lifecycle {
		876 |     ignore_changes = [desired_count, task_definition]
		877 |   }
		878 | 
		879 |   depends_on = [aws_lb_listener.production]
		880 | }

Check: CKV2_AWS_20: "Ensure that ALB redirects HTTP requests into HTTPS ones"
	FAILED for resource: aws_lb.staging
	File: /infrastructure/terraform/main.tf:623-633
	Guide: https://docs.prismacloud.io/en/enterprise-edition/policy-reference/aws-policies/aws-networking-policies/ensure-that-alb-redirects-http-requests-into-https-ones

		623 | resource "aws_lb" "staging" {
		624 |   name               = "${var.project_name}-alb-staging"
		625 |   internal           = false
		626 |   load_balancer_type = "application"
		627 |   security_groups    = [aws_security_group.alb_staging.id]
		628 |   subnets            = [aws_subnet.public_1.id, aws_subnet.public_2.id]
		629 | 
		630 |   tags = {
		631 |     Environment = var.environment_staging
		632 |   }
		633 | }

Check: CKV2_AWS_20: "Ensure that ALB redirects HTTP requests into HTTPS ones"
	FAILED for resource: aws_lb.production
	File: /infrastructure/terraform/main.tf:665-675
	Guide: https://docs.prismacloud.io/en/enterprise-edition/policy-reference/aws-policies/aws-networking-policies/ensure-that-alb-redirects-http-requests-into-https-ones

		665 | resource "aws_lb" "production" {
		666 |   name               = "${var.project_name}-alb-prod"
		667 |   internal           = false
		668 |   load_balancer_type = "application"
		669 |   security_groups    = [aws_security_group.alb_production.id]
		670 |   subnets            = [aws_subnet.public_1.id, aws_subnet.public_2.id]
		671 | 
		672 |   tags = {
		673 |     Environment = var.environment_production
		674 |   }
		675 | }

Check: CKV_AWS_145: "Ensure that S3 buckets are encrypted with KMS by default"
	FAILED for resource: aws_s3_bucket.security_reports
	File: /infrastructure/terraform/main.tf:136-144
	Guide: https://docs.prismacloud.io/en/enterprise-edition/policy-reference/aws-policies/aws-general-policies/ensure-that-s3-buckets-are-encrypted-with-kms-by-default

		136 | resource "aws_s3_bucket" "security_reports" {
		137 |   bucket        = "devsecops-reports-${random_string.suffix.result}"
		138 |   force_destroy = true
		139 | 
		140 |   tags = {
		141 |     Name        = "${var.project_name}-reports-bucket"
		142 |     Environment = "security"
		143 |   }
		144 | }

Check: CKV_AWS_103: "Ensure that load balancer is using at least TLS 1.2"
	FAILED for resource: aws_lb_listener.staging
	File: /infrastructure/terraform/main.tf:653-662
	Guide: https://docs.prismacloud.io/en/enterprise-edition/policy-reference/aws-policies/aws-general-policies/bc-aws-general-43

		653 | resource "aws_lb_listener" "staging" {
		654 |   load_balancer_arn = aws_lb.staging.arn
		655 |   port              = "80"
		656 |   protocol          = "HTTP"
		657 | 
		658 |   default_action {
		659 |     type             = "forward"
		660 |     target_group_arn = aws_lb_target_group.staging.arn
		661 |   }
		662 | }

Check: CKV_AWS_103: "Ensure that load balancer is using at least TLS 1.2"
	FAILED for resource: aws_lb_listener.production
	File: /infrastructure/terraform/main.tf:695-704
	Guide: https://docs.prismacloud.io/en/enterprise-edition/policy-reference/aws-policies/aws-general-policies/bc-aws-general-43

		695 | resource "aws_lb_listener" "production" {
		696 |   load_balancer_arn = aws_lb.production.arn
		697 |   port              = "80"
		698 |   protocol          = "HTTP"
		699 | 
		700 |   default_action {
		701 |     type             = "forward"
		702 |     target_group_arn = aws_lb_target_group.production.arn
		703 |   }
		704 | }

Check: CKV_AWS_378: "Ensure AWS Load Balancer doesn't use HTTP protocol"
	FAILED for resource: aws_lb_target_group.staging
	File: /infrastructure/terraform/main.tf:635-651
	Guide: https://docs.prismacloud.io/en/enterprise-edition/policy-reference/aws-policies/aws-networking-policies/bc-aws-378

		635 | resource "aws_lb_target_group" "staging" {
		636 |   name        = "${var.project_name}-tg-staging"
		637 |   port        = var.container_port
		638 |   protocol    = "HTTP"
		639 |   vpc_id      = aws_vpc.main.id
		640 |   target_type = "ip"
		641 | 
		642 |   health_check {
		643 |     path                = "/"
		644 |     port                = var.container_port
		645 |     healthy_threshold   = 3
		646 |     unhealthy_threshold = 3
		647 |     timeout             = 5
		648 |     interval            = 30
		649 |     matcher             = "200-399"
		650 |   }
		651 | }

Check: CKV_AWS_378: "Ensure AWS Load Balancer doesn't use HTTP protocol"
	FAILED for resource: aws_lb_target_group.production
	File: /infrastructure/terraform/main.tf:677-693
	Guide: https://docs.prismacloud.io/en/enterprise-edition/policy-reference/aws-policies/aws-networking-policies/bc-aws-378

		677 | resource "aws_lb_target_group" "production" {
		678 |   name        = "${var.project_name}-tg-prod"
		679 |   port        = var.container_port
		680 |   protocol    = "HTTP"
		681 |   vpc_id      = aws_vpc.main.id
		682 |   target_type = "ip"
		683 | 
		684 |   health_check {
		685 |     path                = "/"
		686 |     port                = var.container_port
		687 |     healthy_threshold   = 3
		688 |     unhealthy_threshold = 3
		689 |     timeout             = 5
		690 |     interval            = 30
		691 |     matcher             = "200-399"
		692 |   }
		693 | }

Check: CKV2_AWS_12: "Ensure the default security group of every VPC restricts all traffic"
	FAILED for resource: aws_vpc.main
	File: /infrastructure/terraform/main.tf:447-455
	Guide: https://docs.prismacloud.io/en/enterprise-edition/policy-reference/aws-policies/aws-networking-policies/networking-4

		447 | resource "aws_vpc" "main" {
		448 |   cidr_block           = "10.0.0.0/16"
		449 |   enable_dns_hostnames = true
		450 |   enable_dns_support   = true
		451 | 
		452 |   tags = {
		453 |     Name = "${var.project_name}-vpc"
		454 |   }
		455 | }

Check: CKV2_AWS_11: "Ensure VPC flow logging is enabled in all VPCs"
	FAILED for resource: aws_vpc.main
	File: /infrastructure/terraform/main.tf:447-455
	Guide: https://docs.prismacloud.io/en/enterprise-edition/policy-reference/aws-policies/aws-logging-policies/logging-9-enable-vpc-flow-logging

		447 | resource "aws_vpc" "main" {
		448 |   cidr_block           = "10.0.0.0/16"
		449 |   enable_dns_hostnames = true
		450 |   enable_dns_support   = true
		451 | 
		452 |   tags = {
		453 |     Name = "${var.project_name}-vpc"
		454 |   }
		455 | }

Check: CKV_AWS_18: "Ensure the S3 bucket has access logging enabled"
	FAILED for resource: aws_s3_bucket.security_reports
	File: /infrastructure/terraform/main.tf:136-144
	Guide: https://docs.prismacloud.io/en/enterprise-edition/policy-reference/aws-policies/s3-policies/s3-13-enable-logging

		136 | resource "aws_s3_bucket" "security_reports" {
		137 |   bucket        = "devsecops-reports-${random_string.suffix.result}"
		138 |   force_destroy = true
		139 | 
		140 |   tags = {
		141 |     Name        = "${var.project_name}-reports-bucket"
		142 |     Environment = "security"
		143 |   }
		144 | }

Check: CKV_AWS_144: "Ensure that S3 bucket has cross-region replication enabled"
	FAILED for resource: aws_s3_bucket.security_reports
	File: /infrastructure/terraform/main.tf:136-144
	Guide: https://docs.prismacloud.io/en/enterprise-edition/policy-reference/aws-policies/aws-general-policies/ensure-that-s3-bucket-has-cross-region-replication-enabled

		136 | resource "aws_s3_bucket" "security_reports" {
		137 |   bucket        = "devsecops-reports-${random_string.suffix.result}"
		138 |   force_destroy = true
		139 | 
		140 |   tags = {
		141 |     Name        = "${var.project_name}-reports-bucket"
		142 |     Environment = "security"
		143 |   }
		144 | }

Check: CKV2_AWS_28: "Ensure public facing ALB are protected by WAF"
	FAILED for resource: aws_lb.staging
	File: /infrastructure/terraform/main.tf:623-633
	Guide: https://docs.prismacloud.io/en/enterprise-edition/policy-reference/aws-policies/aws-networking-policies/ensure-public-facing-alb-are-protected-by-waf

		623 | resource "aws_lb" "staging" {
		624 |   name               = "${var.project_name}-alb-staging"
		625 |   internal           = false
		626 |   load_balancer_type = "application"
		627 |   security_groups    = [aws_security_group.alb_staging.id]
		628 |   subnets            = [aws_subnet.public_1.id, aws_subnet.public_2.id]
		629 | 
		630 |   tags = {
		631 |     Environment = var.environment_staging
		632 |   }
		633 | }

Check: CKV2_AWS_28: "Ensure public facing ALB are protected by WAF"
	FAILED for resource: aws_lb.production
	File: /infrastructure/terraform/main.tf:665-675
	Guide: https://docs.prismacloud.io/en/enterprise-edition/policy-reference/aws-policies/aws-networking-policies/ensure-public-facing-alb-are-protected-by-waf

		665 | resource "aws_lb" "production" {
		666 |   name               = "${var.project_name}-alb-prod"
		667 |   internal           = false
		668 |   load_balancer_type = "application"
		669 |   security_groups    = [aws_security_group.alb_production.id]
		670 |   subnets            = [aws_subnet.public_1.id, aws_subnet.public_2.id]
		671 | 
		672 |   tags = {
		673 |     Environment = var.environment_production
		674 |   }
		675 | }

kubernetes scan results:

Passed checks: 262, Failed checks: 20, Skipped checks: 0

Check: CKV_K8S_31: "Ensure that the seccomp profile is set to docker/default or runtime/default"
	FAILED for resource: Deployment.staging.tetris
	File: /results/task-2/evidence/kustomize-staging-rendered.yaml:15-82
	Guide: https://docs.prismacloud.io/en/enterprise-edition/policy-reference/kubernetes-policies/kubernetes-policy-index/bc-k8s-29

		Code lines for this resource are too many. Please use IDE of your choice to review the file.
Check: CKV_K8S_22: "Use read-only filesystem for containers where possible"
	FAILED for resource: Deployment.staging.tetris
	File: /results/task-2/evidence/kustomize-staging-rendered.yaml:15-82
	Guide: https://docs.prismacloud.io/en/enterprise-edition/policy-reference/kubernetes-policies/kubernetes-policy-index/bc-k8s-21

		Code lines for this resource are too many. Please use IDE of your choice to review the file.
Check: CKV_K8S_43: "Image should use digest"
	FAILED for resource: Deployment.staging.tetris
	File: /results/task-2/evidence/kustomize-staging-rendered.yaml:15-82
	Guide: https://docs.prismacloud.io/en/enterprise-edition/policy-reference/kubernetes-policies/kubernetes-policy-index/bc-k8s-39

		Code lines for this resource are too many. Please use IDE of your choice to review the file.
Check: CKV_K8S_38: "Ensure that Service Account Tokens are only mounted where necessary"
	FAILED for resource: Deployment.staging.tetris
	File: /results/task-2/evidence/kustomize-staging-rendered.yaml:15-82
	Guide: https://docs.prismacloud.io/en/enterprise-edition/policy-reference/kubernetes-policies/kubernetes-policy-index/bc-k8s-35

		Code lines for this resource are too many. Please use IDE of your choice to review the file.
Check: CKV_K8S_40: "Containers should run as a high UID to avoid host conflict"
	FAILED for resource: Deployment.staging.tetris
	File: /results/task-2/evidence/kustomize-staging-rendered.yaml:15-82
	Guide: https://docs.prismacloud.io/en/enterprise-edition/policy-reference/kubernetes-policies/kubernetes-policy-index/bc-k8s-37

		Code lines for this resource are too many. Please use IDE of your choice to review the file.
Check: CKV_K8S_14: "Image Tag should be fixed - not latest or blank"
	FAILED for resource: Deployment.staging.tetris
	File: /results/task-2/evidence/kustomize-staging-rendered.yaml:15-82
	Guide: https://docs.prismacloud.io/en/enterprise-edition/policy-reference/kubernetes-policies/kubernetes-policy-index/bc-k8s-13

		Code lines for this resource are too many. Please use IDE of your choice to review the file.
Check: CKV_K8S_31: "Ensure that the seccomp profile is set to docker/default or runtime/default"
	FAILED for resource: Deployment.production.tetris
	File: /results/task-2/evidence/kustomize-production-rendered.yaml:15-72
	Guide: https://docs.prismacloud.io/en/enterprise-edition/policy-reference/kubernetes-policies/kubernetes-policy-index/bc-k8s-29

		Code lines for this resource are too many. Please use IDE of your choice to review the file.
Check: CKV_K8S_43: "Image should use digest"
	FAILED for resource: Deployment.production.tetris
	File: /results/task-2/evidence/kustomize-production-rendered.yaml:15-72
	Guide: https://docs.prismacloud.io/en/enterprise-edition/policy-reference/kubernetes-policies/kubernetes-policy-index/bc-k8s-39

		Code lines for this resource are too many. Please use IDE of your choice to review the file.
Check: CKV_K8S_38: "Ensure that Service Account Tokens are only mounted where necessary"
	FAILED for resource: Deployment.production.tetris
	File: /results/task-2/evidence/kustomize-production-rendered.yaml:15-72
	Guide: https://docs.prismacloud.io/en/enterprise-edition/policy-reference/kubernetes-policies/kubernetes-policy-index/bc-k8s-35

		Code lines for this resource are too many. Please use IDE of your choice to review the file.
Check: CKV_K8S_40: "Containers should run as a high UID to avoid host conflict"
	FAILED for resource: Deployment.production.tetris
	File: /results/task-2/evidence/kustomize-production-rendered.yaml:15-72
	Guide: https://docs.prismacloud.io/en/enterprise-edition/policy-reference/kubernetes-policies/kubernetes-policy-index/bc-k8s-37

		Code lines for this resource are too many. Please use IDE of your choice to review the file.
Check: CKV_K8S_14: "Image Tag should be fixed - not latest or blank"
	FAILED for resource: Deployment.production.tetris
	File: /results/task-2/evidence/kustomize-production-rendered.yaml:15-72
	Guide: https://docs.prismacloud.io/en/enterprise-edition/policy-reference/kubernetes-policies/kubernetes-policy-index/bc-k8s-13

		Code lines for this resource are too many. Please use IDE of your choice to review the file.
Check: CKV_K8S_21: "The default namespace should not be used"
	FAILED for resource: Ingress.default.tetris
	File: /kubernetes/base/ingress.yaml:1-19
	Guide: https://docs.prismacloud.io/en/enterprise-edition/policy-reference/kubernetes-policies/kubernetes-policy-index/bc-k8s-20

		1  | apiVersion: networking.k8s.io/v1
		2  | kind: Ingress
		3  | metadata:
		4  |   name: tetris
		5  |   annotations:
		6  |     nginx.ingress.kubernetes.io/rewrite-target: /
		7  | spec:
		8  |   ingressClassName: nginx
		9  |   rules:
		10 |     - host: tetris.localhost
		11 |       http:
		12 |         paths:
		13 |           - path: /
		14 |             pathType: Prefix
		15 |             backend:
		16 |               service:
		17 |                 name: tetris
		18 |                 port:
		19 |                   name: http

Check: CKV_K8S_43: "Image should use digest"
	FAILED for resource: Deployment.default.tetris
	File: /kubernetes/base/deployment.yaml:1-72
	Guide: https://docs.prismacloud.io/en/enterprise-edition/policy-reference/kubernetes-policies/kubernetes-policy-index/bc-k8s-39

		Code lines for this resource are too many. Please use IDE of your choice to review the file.
Check: CKV_K8S_21: "The default namespace should not be used"
	FAILED for resource: Deployment.default.tetris
	File: /kubernetes/base/deployment.yaml:1-72
	Guide: https://docs.prismacloud.io/en/enterprise-edition/policy-reference/kubernetes-policies/kubernetes-policy-index/bc-k8s-20

		Code lines for this resource are too many. Please use IDE of your choice to review the file.
Check: CKV_K8S_40: "Containers should run as a high UID to avoid host conflict"
	FAILED for resource: Deployment.default.tetris
	File: /kubernetes/base/deployment.yaml:1-72
	Guide: https://docs.prismacloud.io/en/enterprise-edition/policy-reference/kubernetes-policies/kubernetes-policy-index/bc-k8s-37

		Code lines for this resource are too many. Please use IDE of your choice to review the file.
Check: CKV_K8S_14: "Image Tag should be fixed - not latest or blank"
	FAILED for resource: Deployment.default.tetris
	File: /kubernetes/base/deployment.yaml:1-72
	Guide: https://docs.prismacloud.io/en/enterprise-edition/policy-reference/kubernetes-policies/kubernetes-policy-index/bc-k8s-13

		Code lines for this resource are too many. Please use IDE of your choice to review the file.
Check: CKV_K8S_21: "The default namespace should not be used"
	FAILED for resource: Service.default.tetris
	File: /kubernetes/base/service.yaml:1-14
	Guide: https://docs.prismacloud.io/en/enterprise-edition/policy-reference/kubernetes-policies/kubernetes-policy-index/bc-k8s-20

		1  | apiVersion: v1
		2  | kind: Service
		3  | metadata:
		4  |   name: tetris
		5  |   labels:
		6  |     app: tetris
		7  | spec:
		8  |   selector:
		9  |     app: tetris
		10 |   ports:
		11 |     - name: http
		12 |       protocol: TCP
		13 |       port: 80
		14 |       targetPort: http

Check: CKV2_K8S_6: "Minimize the admission of pods which lack an associated NetworkPolicy"
	FAILED for resource: Pod.staging.tetris.app-tetris
	File: /results/task-2/evidence/kustomize-staging-rendered.yaml:15-82

		Code lines for this resource are too many. Please use IDE of your choice to review the file.
Check: CKV2_K8S_6: "Minimize the admission of pods which lack an associated NetworkPolicy"
	FAILED for resource: Pod.production.tetris.app-tetris
	File: /results/task-2/evidence/kustomize-production-rendered.yaml:15-72

		Code lines for this resource are too many. Please use IDE of your choice to review the file.
Check: CKV2_K8S_6: "Minimize the admission of pods which lack an associated NetworkPolicy"
	FAILED for resource: Pod.default.tetris.app-tetris
	File: /kubernetes/base/deployment.yaml:1-72

		Code lines for this resource are too many. Please use IDE of your choice to review the file.
dockerfile scan results:

Passed checks: 376, Failed checks: 6, Skipped checks: 0

Check: CKV_DOCKER_3: "Ensure that a user for the container has been created"
	FAILED for resource: /ci/Dockerfile.agent.
	File: /ci/Dockerfile.agent:1-111
	Guide: https://docs.prismacloud.io/en/enterprise-edition/policy-reference/docker-policies/docker-policy-index/ensure-that-a-user-for-the-container-has-been-created

		Code lines for this resource are too many. Please use IDE of your choice to review the file.
Check: CKV_DOCKER_2: "Ensure that HEALTHCHECK instructions have been added to container images"
	FAILED for resource: /ci/Dockerfile.agent.
	File: /ci/Dockerfile.agent:1-111
	Guide: https://docs.prismacloud.io/en/enterprise-edition/policy-reference/docker-policies/docker-policy-index/ensure-that-healthcheck-instructions-have-been-added-to-container-images

		Code lines for this resource are too many. Please use IDE of your choice to review the file.
Check: CKV_DOCKER_3: "Ensure that a user for the container has been created"
	FAILED for resource: /app/Dockerfile.
	File: /app/Dockerfile:1-19
	Guide: https://docs.prismacloud.io/en/enterprise-edition/policy-reference/docker-policies/docker-policy-index/ensure-that-a-user-for-the-container-has-been-created

		1  | # Build the legacy Create React App bundle on a supported Node.js runtime.
		2  | FROM node:22-alpine@sha256:16e22a550f3863206a3f701448c45f7912c6896a62de43add43bb9c86130c3e2 AS builder
		3  | WORKDIR /app
		4  | 
		5  | COPY package*.json ./
		6  | RUN npm ci
		7  | 
		8  | COPY . .
		9  | RUN npm run build
		10 | 
		11 | FROM nginxinc/nginx-unprivileged:alpine@sha256:18d67281256ded39ff65e010ae4f831be18f19356f83c60bc546492c7eb6dd23
		12 | 
		13 | COPY --from=builder /app/build /usr/share/nginx/html
		14 | EXPOSE 8080
		15 | 
		16 | HEALTHCHECK --interval=30s --timeout=5s --start-period=10s --retries=3 \
		17 |   CMD wget -q -O /dev/null http://127.0.0.1:8080/ || exit 1
		18 | 
		19 | CMD ["nginx", "-g", "daemon off;"]
Check: CKV_DOCKER_3: "Ensure that a user for the container has been created"
	FAILED for resource: /ci/Dockerfile.git-server.
	File: /ci/Dockerfile.git-server:1-5
	Guide: https://docs.prismacloud.io/en/enterprise-edition/policy-reference/docker-policies/docker-policy-index/ensure-that-a-user-for-the-container-has-been-created

		1 | FROM alpine:3.20
		2 | 
		3 | RUN apk add --no-cache git git-daemon
		4 | 
		5 | ENTRYPOINT ["/bin/sh", "-ec"]
Check: CKV_DOCKER_2: "Ensure that HEALTHCHECK instructions have been added to container images"
	FAILED for resource: /ci/Dockerfile.git-server.
	File: /ci/Dockerfile.git-server:1-5
	Guide: https://docs.prismacloud.io/en/enterprise-edition/policy-reference/docker-policies/docker-policy-index/ensure-that-healthcheck-instructions-have-been-added-to-container-images

		1 | FROM alpine:3.20
		2 | 
		3 | RUN apk add --no-cache git git-daemon
		4 | 
		5 | ENTRYPOINT ["/bin/sh", "-ec"]
Check: CKV_DOCKER_2: "Ensure that HEALTHCHECK instructions have been added to container images"
	FAILED for resource: /ci/Dockerfile.master.
	File: /ci/Dockerfile.master:1-35
	Guide: https://docs.prismacloud.io/en/enterprise-edition/policy-reference/docker-policies/docker-policy-index/ensure-that-healthcheck-instructions-have-been-added-to-container-images

		1  | FROM jenkins/jenkins:lts-jdk17
		2  | 
		3  | ARG KUSTOMIZE_VERSION=v5.4.3
		4  | 
		5  | USER root
		6  | RUN apt-get update && \
		7  |     apt-get install -y --no-install-recommends \
		8  |       awscli \
		9  |       ca-certificates \
		10 |       curl \
		11 |       docker-buildx \
		12 |       docker-cli \
		13 |       git \
		14 |       jq \
		15 |       python3 \
		16 |       unzip && \
		17 |     rm -rf /var/lib/apt/lists/*
		18 | 
		19 | # GitOps promotion uses `kustomize edit set image`. Resolve the archive name
		20 | # from the image architecture so the Jenkins image also builds on Apple Silicon.
		21 | RUN set -eux; \
		22 |     architecture="$(dpkg --print-architecture)"; \
		23 |     case "${architecture}" in \
		24 |       amd64) kustomize_arch="amd64" ;; \
		25 |       arm64) kustomize_arch="arm64" ;; \
		26 |       *) echo "Unsupported architecture: ${architecture}" >&2; exit 1 ;; \
		27 |     esac; \
		28 |     curl -fsSL \
		29 |       "https://github.com/kubernetes-sigs/kustomize/releases/download/kustomize%2F${KUSTOMIZE_VERSION}/kustomize_${KUSTOMIZE_VERSION}_linux_${kustomize_arch}.tar.gz" \
		30 |       | tar -xz -C /usr/local/bin kustomize; \
		31 |     kustomize version
		32 | 
		33 | USER jenkins
		34 | COPY ./ci/plugins.txt /usr/share/jenkins/ref/plugins.txt
		35 | RUN jenkins-plugin-cli --plugin-file /usr/share/jenkins/ref/plugins.txt
kustomize scan results:

Passed checks: 267, Failed checks: 15, Skipped checks: 0

Check: CKV_K8S_21: "The default namespace should not be used"
	FAILED for resource: base:Service.default.tetris
	File: /kubernetes/base/kustomization.yaml:2-15
	Guide: https://docs.prismacloud.io/en/enterprise-edition/policy-reference/kubernetes-policies/kubernetes-policy-index/bc-k8s-20

		2  | apiVersion: v1
		3  | kind: Service
		4  | metadata:
		5  |   labels:
		6  |     app: tetris
		7  |   name: tetris
		8  | spec:
		9  |   ports:
		10 |   - name: http
		11 |     port: 80
		12 |     protocol: TCP
		13 |     targetPort: http
		14 |   selector:
		15 |     app: tetris

Check: CKV_K8S_21: "The default namespace should not be used"
	FAILED for resource: base:Ingress.default.tetris
	File: /kubernetes/base/kustomization.yaml:2-20
	Guide: https://docs.prismacloud.io/en/enterprise-edition/policy-reference/kubernetes-policies/kubernetes-policy-index/bc-k8s-20

		2  | apiVersion: networking.k8s.io/v1
		3  | kind: Ingress
		4  | metadata:
		5  |   annotations:
		6  |     nginx.ingress.kubernetes.io/rewrite-target: /
		7  |   name: tetris
		8  | spec:
		9  |   ingressClassName: nginx
		10 |   rules:
		11 |   - host: tetris.localhost
		12 |     http:
		13 |       paths:
		14 |       - backend:
		15 |           service:
		16 |             name: tetris
		17 |             port:
		18 |               name: http
		19 |         path: /
		20 |         pathType: Prefix

Check: CKV_K8S_43: "Image should use digest"
	FAILED for resource: base:Deployment.default.tetris
	File: /kubernetes/base/kustomization.yaml:2-74
	Guide: https://docs.prismacloud.io/en/enterprise-edition/policy-reference/kubernetes-policies/kubernetes-policy-index/bc-k8s-39

		Code lines for this resource are too many. Please use IDE of your choice to review the file.
Check: CKV_K8S_21: "The default namespace should not be used"
	FAILED for resource: base:Deployment.default.tetris
	File: /kubernetes/base/kustomization.yaml:2-74
	Guide: https://docs.prismacloud.io/en/enterprise-edition/policy-reference/kubernetes-policies/kubernetes-policy-index/bc-k8s-20

		Code lines for this resource are too many. Please use IDE of your choice to review the file.
Check: CKV_K8S_40: "Containers should run as a high UID to avoid host conflict"
	FAILED for resource: base:Deployment.default.tetris
	File: /kubernetes/base/kustomization.yaml:2-74
	Guide: https://docs.prismacloud.io/en/enterprise-edition/policy-reference/kubernetes-policies/kubernetes-policy-index/bc-k8s-37

		Code lines for this resource are too many. Please use IDE of your choice to review the file.
Check: CKV_K8S_14: "Image Tag should be fixed - not latest or blank"
	FAILED for resource: base:Deployment.default.tetris
	File: /kubernetes/base/kustomization.yaml:2-74
	Guide: https://docs.prismacloud.io/en/enterprise-edition/policy-reference/kubernetes-policies/kubernetes-policy-index/bc-k8s-13

		Code lines for this resource are too many. Please use IDE of your choice to review the file.
Check: CKV_K8S_43: "Image should use digest"
	FAILED for resource: overlay:overlays/staging:Deployment.staging.tetris
	File: /kubernetes/overlays/staging/kustomization.yaml:2-75
	Guide: https://docs.prismacloud.io/en/enterprise-edition/policy-reference/kubernetes-policies/kubernetes-policy-index/bc-k8s-39

		Code lines for this resource are too many. Please use IDE of your choice to review the file.
Check: CKV_K8S_40: "Containers should run as a high UID to avoid host conflict"
	FAILED for resource: overlay:overlays/staging:Deployment.staging.tetris
	File: /kubernetes/overlays/staging/kustomization.yaml:2-75
	Guide: https://docs.prismacloud.io/en/enterprise-edition/policy-reference/kubernetes-policies/kubernetes-policy-index/bc-k8s-37

		Code lines for this resource are too many. Please use IDE of your choice to review the file.
Check: CKV_K8S_14: "Image Tag should be fixed - not latest or blank"
	FAILED for resource: overlay:overlays/staging:Deployment.staging.tetris
	File: /kubernetes/overlays/staging/kustomization.yaml:2-75
	Guide: https://docs.prismacloud.io/en/enterprise-edition/policy-reference/kubernetes-policies/kubernetes-policy-index/bc-k8s-13

		Code lines for this resource are too many. Please use IDE of your choice to review the file.
Check: CKV_K8S_43: "Image should use digest"
	FAILED for resource: overlay:overlays/production:Deployment.production.tetris
	File: /kubernetes/overlays/production/kustomization.yaml:2-75
	Guide: https://docs.prismacloud.io/en/enterprise-edition/policy-reference/kubernetes-policies/kubernetes-policy-index/bc-k8s-39

		Code lines for this resource are too many. Please use IDE of your choice to review the file.
Check: CKV_K8S_40: "Containers should run as a high UID to avoid host conflict"
	FAILED for resource: overlay:overlays/production:Deployment.production.tetris
	File: /kubernetes/overlays/production/kustomization.yaml:2-75
	Guide: https://docs.prismacloud.io/en/enterprise-edition/policy-reference/kubernetes-policies/kubernetes-policy-index/bc-k8s-37

		Code lines for this resource are too many. Please use IDE of your choice to review the file.
Check: CKV_K8S_14: "Image Tag should be fixed - not latest or blank"
	FAILED for resource: overlay:overlays/production:Deployment.production.tetris
	File: /kubernetes/overlays/production/kustomization.yaml:2-75
	Guide: https://docs.prismacloud.io/en/enterprise-edition/policy-reference/kubernetes-policies/kubernetes-policy-index/bc-k8s-13

		Code lines for this resource are too many. Please use IDE of your choice to review the file.
Check: CKV2_K8S_6: "Minimize the admission of pods which lack an associated NetworkPolicy"
	FAILED for resource: base:Pod.default.tetris.app-tetris
	File: /tf/scan-target/kubernetes/base/kustomization.yaml:2-74

		Code lines for this resource are too many. Please use IDE of your choice to review the file.
Check: CKV2_K8S_6: "Minimize the admission of pods which lack an associated NetworkPolicy"
	FAILED for resource: overlay:overlays/staging:Pod.staging.tetris.app-tetris
	File: /tf/scan-target/kubernetes/overlays/staging/kustomization.yaml:2-75

		Code lines for this resource are too many. Please use IDE of your choice to review the file.
Check: CKV2_K8S_6: "Minimize the admission of pods which lack an associated NetworkPolicy"
	FAILED for resource: overlay:overlays/production:Pod.production.tetris.app-tetris
	File: /tf/scan-target/kubernetes/overlays/production/kustomization.yaml:2-75

		Code lines for this resource are too many. Please use IDE of your choice to review the file.
github_actions scan results:

Passed checks: 237, Failed checks: 3, Skipped checks: 0

Check: CKV2_GHA_1: "Ensure top-level permissions are not set to write-all"
	FAILED for resource: on(Security Validate)
	File: /.github/workflows/security-validate.yml:0-1
Check: CKV2_GHA_1: "Ensure top-level permissions are not set to write-all"
	FAILED for resource: on(Infra Validate)
	File: /.github/workflows/infra-validate.yml:0-1
Check: CKV2_GHA_1: "Ensure top-level permissions are not set to write-all"
	FAILED for resource: on(App Validate)
	File: /.github/workflows/app-validate.yml:0-1

[*] Generating JSON report...
[+] IaC scan completed.
[Pipeline] }
[Pipeline] // withEnv
[Pipeline] fileExists
[Pipeline] }
[Pipeline] // script
[Pipeline] }
[Pipeline] // stage
[Pipeline] stage
[Pipeline] { (8. Build Docker Image)
[Pipeline] sh
#0 building with "default" instance using docker driver

#1 [internal] load build definition from Dockerfile
#1 transferring dockerfile: 641B 0.0s done
#1 DONE 0.0s

#2 [internal] load metadata for docker.io/nginxinc/nginx-unprivileged:alpine@sha256:18d67281256ded39ff65e010ae4f831be18f19356f83c60bc546492c7eb6dd23
#2 DONE 0.0s

#3 [internal] load metadata for docker.io/library/node:22-alpine@sha256:16e22a550f3863206a3f701448c45f7912c6896a62de43add43bb9c86130c3e2
#3 DONE 0.0s

#4 [internal] load .dockerignore
#4 transferring context: 110B done
#4 DONE 0.0s

#5 [builder 1/6] FROM docker.io/library/node:22-alpine@sha256:16e22a550f3863206a3f701448c45f7912c6896a62de43add43bb9c86130c3e2
#5 DONE 0.0s

#6 [stage-1 1/2] FROM docker.io/nginxinc/nginx-unprivileged:alpine@sha256:18d67281256ded39ff65e010ae4f831be18f19356f83c60bc546492c7eb6dd23
#6 DONE 0.0s

#7 [internal] load build context
#7 transferring context: 902.81kB 0.0s done
#7 DONE 0.0s

#8 [builder 5/6] COPY . .
#8 CACHED

#9 [builder 2/6] WORKDIR /app
#9 CACHED

#10 [builder 3/6] COPY package*.json ./
#10 CACHED

#11 [builder 6/6] RUN npm run build
#11 CACHED

#12 [builder 4/6] RUN npm ci
#12 CACHED

#13 [stage-1 2/2] COPY --from=builder /app/build /usr/share/nginx/html
#13 CACHED

#14 exporting to image
#14 exporting layers done
#14 writing image sha256:318bebeb3bdf8dd54134d20c5ee2730773048acad81fbc9a4e9a5f2e6f852ade done
#14 naming to 585572506644.dkr.ecr.ap-southeast-1.amazonaws.com/devsecops/tetris:1dba575f066c done
#14 naming to 585572506644.dkr.ecr.ap-southeast-1.amazonaws.com/devsecops/tetris:latest done
#14 DONE 0.0s
[Pipeline] }
[Pipeline] // stage
[Pipeline] stage
[Pipeline] { (9. Container Scan)
[Pipeline] script
[Pipeline] {
[Pipeline] fileExists
[Pipeline] sh
+ test -s ci/stages/container-scan.sh
[Pipeline] withEnv
[Pipeline] {
[Pipeline] sh
============================================================
  CONTAINER SCAN - Trivy image
  Image       : 585572506644.dkr.ecr.ap-southeast-1.amazonaws.com/devsecops/tetris:1dba575f066c
  Report file : /var/jenkins_home/workspace/devsecops-factory/scan-reports/raw/container/trivy-container-report.json
============================================================
2026-07-29T09:37:47Z	INFO	[vuln] Vulnerability scanning is enabled
2026-07-29T09:37:47Z	INFO	[secret] Secret scanning is enabled
2026-07-29T09:37:47Z	INFO	[secret] If your scanning is slow, please try '--scanners vuln' to disable secret scanning
2026-07-29T09:37:47Z	INFO	[secret] Please see https://trivy.dev/docs/v0.72/guide/scanner/secret#recommendation for faster secret detection
2026-07-29T09:37:49Z	INFO	Detected OS	family="alpine" version="3.24.1"
2026-07-29T09:37:49Z	WARN	This OS version is not on the EOL list	family="alpine" version="3.24"
2026-07-29T09:37:49Z	INFO	[alpine] Detecting vulnerabilities...	os_version="3.24" repository="3.24" pkg_num=70
2026-07-29T09:37:49Z	INFO	Number of language-specific files	num=0
2026-07-29T09:37:49Z	INFO	[vuln] Vulnerability scanning is enabled
2026-07-29T09:37:49Z	INFO	[secret] Secret scanning is enabled
2026-07-29T09:37:49Z	INFO	[secret] If your scanning is slow, please try '--scanners vuln' to disable secret scanning
2026-07-29T09:37:49Z	INFO	[secret] Please see https://trivy.dev/docs/v0.72/guide/scanner/secret#recommendation for faster secret detection
2026-07-29T09:37:49Z	INFO	Detected OS	family="alpine" version="3.24.1"
2026-07-29T09:37:49Z	WARN	This OS version is not on the EOL list	family="alpine" version="3.24"
2026-07-29T09:37:49Z	INFO	[alpine] Detecting vulnerabilities...	os_version="3.24" repository="3.24" pkg_num=70
2026-07-29T09:37:49Z	INFO	Number of language-specific files	num=0

Report Summary

┌─────────────────────────────────────────────────────────────────────────────────┬────────┬─────────────────┬─────────┐
│                                     Target                                      │  Type  │ Vulnerabilities │ Secrets │
├─────────────────────────────────────────────────────────────────────────────────┼────────┼─────────────────┼─────────┤
│ 585572506644.dkr.ecr.ap-southeast-1.amazonaws.com/devsecops/tetris:1dba575f066c │ alpine │        0        │    -    │
│ (alpine 3.24.1)                                                                 │        │                 │         │
└─────────────────────────────────────────────────────────────────────────────────┴────────┴─────────────────┴─────────┘
Legend:
- '-': Not scanned
- '0': Clean (no security findings detected)

[+] Container scan completed.
[Pipeline] }
[Pipeline] // withEnv
[Pipeline] fileExists
[Pipeline] }
[Pipeline] // script
[Pipeline] }
[Pipeline] // stage
[Pipeline] stage
[Pipeline] { (10. Amazon ECR Login)
[Pipeline] script
[Pipeline] {
[Pipeline] withCredentials
Masking supported pattern matches of $AWS_SECRET_ACCESS_KEY
[Pipeline] {
[Pipeline] withEnv
[Pipeline] {
[Pipeline] sh
WARNING! Your password will be stored unencrypted in /var/jenkins_home/.docker/config.json.
Configure a credential helper to remove this warning. See
https://docs.docker.com/engine/reference/commandline/login/#credentials-store

Login Succeeded
[Pipeline] }
[Pipeline] // withEnv
[Pipeline] }
[Pipeline] // withCredentials
[Pipeline] }
[Pipeline] // script
[Pipeline] }
[Pipeline] // stage
[Pipeline] stage
[Pipeline] { (11. Push Image)
[Pipeline] sh
The push refers to repository [585572506644.dkr.ecr.ap-southeast-1.amazonaws.com/devsecops/tetris]
f0f1afc1ba63: Preparing
f5027c698f4e: Preparing
22f16903c4c7: Preparing
2b914357b831: Preparing
a65eccf115f9: Preparing
6ba11357d6f2: Preparing
3a921d222a3c: Preparing
a0c4cbd81ac7: Preparing
66308eb3889b: Preparing
34884abbe928: Preparing
3a921d222a3c: Waiting
6ba11357d6f2: Waiting
a0c4cbd81ac7: Waiting
34884abbe928: Waiting
66308eb3889b: Waiting
2b914357b831: Pushed
22f16903c4c7: Pushed
a65eccf115f9: Pushed
f0f1afc1ba63: Pushed
a0c4cbd81ac7: Pushed
3a921d222a3c: Pushed
6ba11357d6f2: Pushed
66308eb3889b: Pushed
f5027c698f4e: Pushed
34884abbe928: Pushed
1dba575f066c: digest: sha256:4c07c345625d39f6afaf2103f70b3d5ba97bfab1420e36efa0ca2fc74021be66 size: 2407
The push refers to repository [585572506644.dkr.ecr.ap-southeast-1.amazonaws.com/devsecops/tetris]
f0f1afc1ba63: Preparing
f5027c698f4e: Preparing
22f16903c4c7: Preparing
2b914357b831: Preparing
a65eccf115f9: Preparing
6ba11357d6f2: Preparing
3a921d222a3c: Preparing
a0c4cbd81ac7: Preparing
66308eb3889b: Preparing
34884abbe928: Preparing
a0c4cbd81ac7: Waiting
3a921d222a3c: Waiting
66308eb3889b: Waiting
a65eccf115f9: Layer already exists
f5027c698f4e: Layer already exists
22f16903c4c7: Layer already exists
f0f1afc1ba63: Layer already exists
2b914357b831: Layer already exists
3a921d222a3c: Layer already exists
6ba11357d6f2: Layer already exists
66308eb3889b: Layer already exists
34884abbe928: Layer already exists
a0c4cbd81ac7: Layer already exists
latest: digest: sha256:4c07c345625d39f6afaf2103f70b3d5ba97bfab1420e36efa0ca2fc74021be66 size: 2407
[Pipeline] }
[Pipeline] // stage
[Pipeline] stage
[Pipeline] { (12. Mirror Image for Local GitOps)
[Pipeline] sh
The push refers to repository [local-registry:5000/devsecops/tetris]
f0f1afc1ba63: Preparing
f5027c698f4e: Preparing
22f16903c4c7: Preparing
2b914357b831: Preparing
a65eccf115f9: Preparing
6ba11357d6f2: Preparing
3a921d222a3c: Preparing
a0c4cbd81ac7: Preparing
66308eb3889b: Preparing
34884abbe928: Preparing
66308eb3889b: Waiting
34884abbe928: Waiting
a0c4cbd81ac7: Waiting
3a921d222a3c: Waiting
f0f1afc1ba63: Layer already exists
22f16903c4c7: Layer already exists
2b914357b831: Layer already exists
f5027c698f4e: Layer already exists
a65eccf115f9: Layer already exists
6ba11357d6f2: Layer already exists
3a921d222a3c: Layer already exists
66308eb3889b: Layer already exists
a0c4cbd81ac7: Layer already exists
34884abbe928: Layer already exists
1dba575f066c: digest: sha256:4c07c345625d39f6afaf2103f70b3d5ba97bfab1420e36efa0ca2fc74021be66 size: 2407
Local GitOps mirror: local-registry:5000/devsecops/tetris:1dba575f066c
[Pipeline] }
[Pipeline] // stage
[Pipeline] stage
[Pipeline] { (13. Update GitOps Staging)
[Pipeline] script
[Pipeline] {
[Pipeline] dir
Running in /var/jenkins_home/workspace/devsecops-factory/gitops-staging
[Pipeline] {
[Pipeline] deleteDir
[Pipeline] checkout
The recommended git tool is: NONE
using credential github-token
Cloning the remote Git repository
Cloning repository git://gitops-git-server:9418/devsecops.git
 > git init /var/jenkins_home/workspace/devsecops-factory/gitops-staging # timeout=10
Fetching upstream changes from git://gitops-git-server:9418/devsecops.git
 > git --version # timeout=10
 > git --version # 'git version 2.47.3'
using GIT_ASKPASS to set credentials GitHub token for GitOps commits
 > git fetch --tags --force --progress -- git://gitops-git-server:9418/devsecops.git +refs/heads/*:refs/remotes/origin/* # timeout=10
 > git config remote.origin.url git://gitops-git-server:9418/devsecops.git # timeout=10
 > git config --add remote.origin.fetch +refs/heads/*:refs/remotes/origin/* # timeout=10
Avoid second fetch
 > git rev-parse refs/remotes/origin/cicd-gitops^{commit} # timeout=10
Checking out Revision 1dba575f066cdbdc062886e02e06c6134a49c0c8 (refs/remotes/origin/cicd-gitops)
 > git config core.sparsecheckout # timeout=10
 > git checkout -f 1dba575f066cdbdc062886e02e06c6134a49c0c8 # timeout=10
 > git branch -a -v --no-abbrev # timeout=10
 > git checkout -b cicd-gitops 1dba575f066cdbdc062886e02e06c6134a49c0c8 # timeout=10
Commit message: "fix: bootstrap Jenkins demo job automatically"
First time build. Skipping changelog.
[Pipeline] withEnv
[Pipeline] {
[Pipeline] sh
[Pipeline] sh
+ git diff --cached --quiet
[Pipeline] sh
[cicd-gitops 20158d0] chore(gitops): promote staging to 1dba575f066c [skip ci]
 1 file changed, 18 insertions(+), 18 deletions(-)
[Pipeline] withCredentials
Masking supported pattern matches of $GIT_TOKEN
[Pipeline] {
[Pipeline] sh
To git://gitops-git-server:9418/devsecops.git
   1dba575..20158d0  HEAD -> cicd-gitops
[Pipeline] }
[Pipeline] // withCredentials
[Pipeline] }
[Pipeline] // withEnv
[Pipeline] }
[Pipeline] // dir
[Pipeline] }
[Pipeline] // script
[Pipeline] }
[Pipeline] // stage
[Pipeline] stage
[Pipeline] { (14. Deploy ECS Staging)
[Pipeline] script
[Pipeline] {
[Pipeline] withCredentials
Masking supported pattern matches of $AWS_SECRET_ACCESS_KEY
[Pipeline] {
[Pipeline] withEnv
[Pipeline] {
[Pipeline] withEnv
[Pipeline] {
[Pipeline] sh
ECS service tetris-staging is stable on 585572506644.dkr.ecr.ap-southeast-1.amazonaws.com/devsecops/tetris:1dba575f066c.
[Pipeline] }
[Pipeline] // withEnv
[Pipeline] }
[Pipeline] // withEnv
[Pipeline] }
[Pipeline] // withCredentials
[Pipeline] }
[Pipeline] // script
[Pipeline] }
[Pipeline] // stage
[Pipeline] stage
[Pipeline] { (15. DAST Staging)
[Pipeline] script
[Pipeline] {
[Pipeline] fileExists
[Pipeline] sh
+ test -s ci/stages/dast-scan.sh
[Pipeline] withEnv
[Pipeline] {
[Pipeline] sh
============================================================
  DAST SCAN - OWASP ZAP baseline
  Target URL : http://devsecops-factory-alb-staging-1252599894.ap-southeast-1.elb.amazonaws.com
  Report dir : /var/jenkins_home/workspace/devsecops-factory/scan-reports/raw/dast
============================================================
Unable to find image 'ghcr.io/zaproxy/zaproxy:stable' locally
stable: Pulling from zaproxy/zaproxy
74f1dcfcc9c8: Pulling fs layer
1cea1b3aabc7: Pulling fs layer
b6ef18c91c89: Pulling fs layer
1d4d721afe9a: Pulling fs layer
d30ea5cb170c: Pulling fs layer
1d4d721afe9a: Waiting
91097e32809c: Pulling fs layer
4f4fb700ef54: Pulling fs layer
d30ea5cb170c: Waiting
91097e32809c: Waiting
4f4fb700ef54: Waiting
94dc3fa48c77: Pulling fs layer
94dc3fa48c77: Waiting
ea0e6e3c11d2: Pulling fs layer
ed0a2937a253: Pulling fs layer
ea0e6e3c11d2: Waiting
453319a711c8: Pulling fs layer
ed0a2937a253: Waiting
1767b81f9310: Pulling fs layer
453319a711c8: Waiting
7606cae03f6e: Pulling fs layer
1eaa7f59b81a: Pulling fs layer
caafa78b7273: Pulling fs layer
1767b81f9310: Waiting
7606cae03f6e: Waiting
1eaa7f59b81a: Waiting
ec414bd46ce0: Pulling fs layer
caafa78b7273: Waiting
5eb2bf8c976e: Pulling fs layer
ec414bd46ce0: Waiting
53c9ad6c438a: Pulling fs layer
3b51e2d3488a: Pulling fs layer
cef086608262: Pulling fs layer
53c9ad6c438a: Waiting
5eb2bf8c976e: Waiting
cef086608262: Waiting
3b51e2d3488a: Waiting
74f1dcfcc9c8: Verifying Checksum
74f1dcfcc9c8: Download complete
1d4d721afe9a: Verifying Checksum
1d4d721afe9a: Download complete
d30ea5cb170c: Verifying Checksum
d30ea5cb170c: Download complete
91097e32809c: Verifying Checksum
91097e32809c: Download complete
4f4fb700ef54: Verifying Checksum
4f4fb700ef54: Download complete
74f1dcfcc9c8: Pull complete
94dc3fa48c77: Download complete
b6ef18c91c89: Verifying Checksum
b6ef18c91c89: Download complete
ed0a2937a253: Verifying Checksum
ed0a2937a253: Download complete
453319a711c8: Verifying Checksum
453319a711c8: Download complete
1767b81f9310: Verifying Checksum
1767b81f9310: Download complete
7606cae03f6e: Verifying Checksum
7606cae03f6e: Download complete
1eaa7f59b81a: Verifying Checksum
1eaa7f59b81a: Download complete
caafa78b7273: Download complete
ec414bd46ce0: Verifying Checksum
ec414bd46ce0: Download complete
5eb2bf8c976e: Verifying Checksum
5eb2bf8c976e: Download complete
53c9ad6c438a: Verifying Checksum
53c9ad6c438a: Download complete
3b51e2d3488a: Verifying Checksum
3b51e2d3488a: Download complete
cef086608262: Verifying Checksum
cef086608262: Download complete
ea0e6e3c11d2: Verifying Checksum
ea0e6e3c11d2: Download complete
1cea1b3aabc7: Verifying Checksum
1cea1b3aabc7: Download complete
1cea1b3aabc7: Pull complete
b6ef18c91c89: Pull complete
1d4d721afe9a: Pull complete
d30ea5cb170c: Pull complete
91097e32809c: Pull complete
4f4fb700ef54: Pull complete
94dc3fa48c77: Pull complete
ea0e6e3c11d2: Pull complete
ed0a2937a253: Pull complete
453319a711c8: Pull complete
1767b81f9310: Pull complete
7606cae03f6e: Pull complete
1eaa7f59b81a: Pull complete
caafa78b7273: Pull complete
ec414bd46ce0: Pull complete
5eb2bf8c976e: Pull complete
53c9ad6c438a: Pull complete
3b51e2d3488a: Pull complete
cef086608262: Pull complete
Digest: sha256:8d387b1a63e3425beef4846e39719f5af2a787753af2d8b6558c6257d7a577a2
Status: Downloaded newer image for ghcr.io/zaproxy/zaproxy:stable
Using the Automation Framework
Total of 10 URLs
PASS: Vulnerable JS Library (Powered by Retire.js) [10003]
PASS: Cookie No HttpOnly Flag [10010]
PASS: Cookie Without Secure Flag [10011]
PASS: Re-examine Cache-control Directives [10015]
PASS: Cross-Domain JavaScript Source File Inclusion [10017]
PASS: Content-Type Header Missing [10019]
PASS: Information Disclosure - Debug Error Messages [10023]
PASS: Information Disclosure - Sensitive Information in URL [10024]
PASS: Information Disclosure - Sensitive Information in HTTP Referrer Header [10025]
PASS: HTTP Parameter Override [10026]
PASS: Information Disclosure - Suspicious Comments [10027]
PASS: Off-site Redirect [10028]
PASS: Cookie Poisoning [10029]
PASS: User Controllable Charset [10030]
PASS: User Controllable HTML Element Attribute (Potential XSS) [10031]
PASS: Viewstate [10032]
PASS: Directory Browsing [10033]
PASS: Heartbleed OpenSSL Vulnerability (Indicative) [10034]
PASS: Strict-Transport-Security Header [10035]
PASS: Server Leaks Information via "X-Powered-By" HTTP Response Header Field(s) [10037]
PASS: X-Backend-Server Header Information Leak [10039]
PASS: Secure Pages Include Mixed Content [10040]
PASS: HTTP to HTTPS Insecure Transition in Form Post [10041]
PASS: HTTPS to HTTP Insecure Transition in Form Post [10042]
PASS: User Controllable JavaScript Event (XSS) [10043]
PASS: Big Redirect Detected (Potential Sensitive Information Leak) [10044]
PASS: Retrieved from Cache [10050]
PASS: X-ChromeLogger-Data (XCOLD) Header Information Leak [10052]
PASS: Cookie without SameSite Attribute [10054]
PASS: CSP [10055]
PASS: X-Debug-Token Information Leak [10056]
PASS: Username Hash Found [10057]
PASS: X-AspNet-Version Response Header [10061]
PASS: PII Disclosure [10062]
PASS: Hash Disclosure [10097]
PASS: Cross-Domain Misconfiguration [10098]
PASS: Source Code Disclosure [10099]
PASS: Weak Authentication Method [10105]
PASS: Reverse Tabnabbing [10108]
PASS: Dangerous JS Functions [10110]
PASS: Authentication Request Identified [10111]
PASS: Session Management Response Identified [10112]
PASS: Verification Request Identified [10113]
PASS: Script Served From Malicious Domain (polyfill) [10115]
PASS: ZAP is Out of Date [10116]
PASS: Absence of Anti-CSRF Tokens [10202]
PASS: Private IP Disclosure [2]
PASS: Session ID in URL Rewrite [3]
PASS: Script Passive Scan Rules [50001]
PASS: Stats Passive Scan Rule [50003]
PASS: Insecure JSF ViewState [90001]
PASS: Java Serialization Object [90002]
PASS: Charset Mismatch [90011]
PASS: Application Error Disclosure [90022]
PASS: WSDL File Detection [90030]
PASS: Loosely Scoped Cookie [90033]
WARN-NEW: In Page Banner Information Leak [10009] x 4 
	http://devsecops-factory-alb-staging-1252599894.ap-southeast-1.elb.amazonaws.com/favicon.ico (404 Not Found)
	http://devsecops-factory-alb-staging-1252599894.ap-southeast-1.elb.amazonaws.com/manifest.json (404 Not Found)
	http://devsecops-factory-alb-staging-1252599894.ap-southeast-1.elb.amazonaws.com/robots.txt (404 Not Found)
	http://devsecops-factory-alb-staging-1252599894.ap-southeast-1.elb.amazonaws.com/sitemap.xml (404 Not Found)
WARN-NEW: Missing Anti-clickjacking Header [10020] x 1 
	http://devsecops-factory-alb-staging-1252599894.ap-southeast-1.elb.amazonaws.com (200 OK)
WARN-NEW: X-Content-Type-Options Header Missing [10021] x 3 
	http://devsecops-factory-alb-staging-1252599894.ap-southeast-1.elb.amazonaws.com (200 OK)
	http://devsecops-factory-alb-staging-1252599894.ap-southeast-1.elb.amazonaws.com/static/css/main.08d11aa1.css (200 OK)
	http://devsecops-factory-alb-staging-1252599894.ap-southeast-1.elb.amazonaws.com/static/js/main.cf1fd7bf.js (200 OK)
WARN-NEW: Server Leaks Version Information via "Server" HTTP Response Header Field [10036] x 5 
	http://devsecops-factory-alb-staging-1252599894.ap-southeast-1.elb.amazonaws.com/favicon.ico (404 Not Found)
	http://devsecops-factory-alb-staging-1252599894.ap-southeast-1.elb.amazonaws.com/manifest.json (404 Not Found)
	http://devsecops-factory-alb-staging-1252599894.ap-southeast-1.elb.amazonaws.com/robots.txt (404 Not Found)
	http://devsecops-factory-alb-staging-1252599894.ap-southeast-1.elb.amazonaws.com/sitemap.xml (404 Not Found)
	http://devsecops-factory-alb-staging-1252599894.ap-southeast-1.elb.amazonaws.com/static/css/main.08d11aa1.css (200 OK)
WARN-NEW: Content Security Policy (CSP) Header Not Set [10038] x 3 
	http://devsecops-factory-alb-staging-1252599894.ap-southeast-1.elb.amazonaws.com (200 OK)
	http://devsecops-factory-alb-staging-1252599894.ap-southeast-1.elb.amazonaws.com/manifest.json (404 Not Found)
	http://devsecops-factory-alb-staging-1252599894.ap-southeast-1.elb.amazonaws.com/robots.txt (404 Not Found)
WARN-NEW: Storable and Cacheable Content [10049] x 5 
	http://devsecops-factory-alb-staging-1252599894.ap-southeast-1.elb.amazonaws.com/favicon.ico (404 Not Found)
	http://devsecops-factory-alb-staging-1252599894.ap-southeast-1.elb.amazonaws.com/manifest.json (404 Not Found)
	http://devsecops-factory-alb-staging-1252599894.ap-southeast-1.elb.amazonaws.com/robots.txt (404 Not Found)
	http://devsecops-factory-alb-staging-1252599894.ap-southeast-1.elb.amazonaws.com/sitemap.xml (404 Not Found)
	http://devsecops-factory-alb-staging-1252599894.ap-southeast-1.elb.amazonaws.com/static/css/main.08d11aa1.css (200 OK)
WARN-NEW: Permissions Policy Header Not Set [10063] x 5 
	http://devsecops-factory-alb-staging-1252599894.ap-southeast-1.elb.amazonaws.com (200 OK)
	http://devsecops-factory-alb-staging-1252599894.ap-southeast-1.elb.amazonaws.com/favicon.ico (404 Not Found)
	http://devsecops-factory-alb-staging-1252599894.ap-southeast-1.elb.amazonaws.com/manifest.json (404 Not Found)
	http://devsecops-factory-alb-staging-1252599894.ap-southeast-1.elb.amazonaws.com/robots.txt (404 Not Found)
	http://devsecops-factory-alb-staging-1252599894.ap-southeast-1.elb.amazonaws.com/sitemap.xml (404 Not Found)
WARN-NEW: Timestamp Disclosure - Unix [10096] x 1 
	http://devsecops-factory-alb-staging-1252599894.ap-southeast-1.elb.amazonaws.com/static/js/main.cf1fd7bf.js (200 OK)
WARN-NEW: Modern Web Application [10109] x 1 
	http://devsecops-factory-alb-staging-1252599894.ap-southeast-1.elb.amazonaws.com (200 OK)
WARN-NEW: Sub Resource Integrity Attribute Missing [90003] x 1 
	http://devsecops-factory-alb-staging-1252599894.ap-southeast-1.elb.amazonaws.com (200 OK)
WARN-NEW: Cross-Origin-Embedder-Policy Header Missing or Invalid [90004] x 5 
	http://devsecops-factory-alb-staging-1252599894.ap-southeast-1.elb.amazonaws.com (200 OK)
	http://devsecops-factory-alb-staging-1252599894.ap-southeast-1.elb.amazonaws.com (200 OK)
	http://devsecops-factory-alb-staging-1252599894.ap-southeast-1.elb.amazonaws.com (200 OK)
	http://devsecops-factory-alb-staging-1252599894.ap-southeast-1.elb.amazonaws.com/static/css/main.08d11aa1.css (200 OK)
	http://devsecops-factory-alb-staging-1252599894.ap-southeast-1.elb.amazonaws.com/static/js/main.cf1fd7bf.js (200 OK)
FAIL-NEW: 0	FAIL-INPROG: 0	WARN-NEW: 11	WARN-INPROG: 0	INFO: 0	IGNORE: 0	PASS: 56
[+] DAST completed. Reports saved to /var/jenkins_home/workspace/devsecops-factory/scan-reports/raw/dast
[Pipeline] }
[Pipeline] // withEnv
[Pipeline] fileExists
[Pipeline] fileExists
[Pipeline] fileExists
[Pipeline] }
[Pipeline] // script
[Pipeline] }
[Pipeline] // stage
[Pipeline] stage
[Pipeline] { (16. Normalize Security Reports)
[Pipeline] sh
[+] Normalized 186 findings into /var/jenkins_home/workspace/devsecops-factory/scan-reports/normalized/findings.json
[Pipeline] }
[Pipeline] // stage
[Pipeline] stage
[Pipeline] { (17. Generate Security Hub ASFF)
[Pipeline] script
[Pipeline] {
[Pipeline] withCredentials
Masking supported pattern matches of $AWS_SECRET_ACCESS_KEY
[Pipeline] {
[Pipeline] withEnv
[Pipeline] {
[Pipeline] sh
[+] Generated 186 ASFF findings
[+] Output format: Direct array (compatible with Security Hub BatchImportFindings)
[+] Saved to: /var/jenkins_home/workspace/devsecops-factory/scan-reports/asff/securityhub-asff.json
[Pipeline] }
[Pipeline] // withEnv
[Pipeline] }
[Pipeline] // withCredentials
[Pipeline] }
[Pipeline] // script
[Pipeline] }
[Pipeline] // stage
[Pipeline] stage
[Pipeline] { (18. Upload Security Reports to S3)
[Pipeline] script
[Pipeline] {
[Pipeline] withCredentials
Masking supported pattern matches of $AWS_SECRET_ACCESS_KEY
[Pipeline] {
[Pipeline] withEnv
[Pipeline] {
[Pipeline] withEnv
[Pipeline] {
[Pipeline] sh
[Pipeline] }
[Pipeline] // withEnv
[Pipeline] }
[Pipeline] // withEnv
[Pipeline] }
[Pipeline] // withCredentials
[Pipeline] }
[Pipeline] // script
[Pipeline] }
[Pipeline] // stage
[Pipeline] stage
[Pipeline] { (19. Production Approval)
[Pipeline] script
[Pipeline] {
[Pipeline] timeout
Timeout set to expire in 30 min
[Pipeline] {
[Pipeline] input
Promote immutable image 585572506644.dkr.ecr.ap-southeast-1.amazonaws.com/devsecops/tetris:1dba575f066c to production?
Promote to production or Abort
Approved by admin
[Pipeline] }
[Pipeline] // timeout
[Pipeline] echo
Production promotion approved by admin.
[Pipeline] }
[Pipeline] // script
[Pipeline] }
[Pipeline] // stage
[Pipeline] stage
[Pipeline] { (20. Update GitOps Production)
[Pipeline] script
[Pipeline] {
[Pipeline] dir
Running in /var/jenkins_home/workspace/devsecops-factory/gitops-production
[Pipeline] {
[Pipeline] deleteDir
[Pipeline] checkout
The recommended git tool is: NONE
using credential github-token
Cloning the remote Git repository
Cloning repository git://gitops-git-server:9418/devsecops.git
 > git init /var/jenkins_home/workspace/devsecops-factory/gitops-production # timeout=10
Fetching upstream changes from git://gitops-git-server:9418/devsecops.git
 > git --version # timeout=10
 > git --version # 'git version 2.47.3'
using GIT_ASKPASS to set credentials GitHub token for GitOps commits
 > git fetch --tags --force --progress -- git://gitops-git-server:9418/devsecops.git +refs/heads/*:refs/remotes/origin/* # timeout=10
 > git config remote.origin.url git://gitops-git-server:9418/devsecops.git # timeout=10
 > git config --add remote.origin.fetch +refs/heads/*:refs/remotes/origin/* # timeout=10
Avoid second fetch
 > git rev-parse refs/remotes/origin/cicd-gitops^{commit} # timeout=10
Checking out Revision 20158d0e045c51c0be68726eaec4869159aed237 (refs/remotes/origin/cicd-gitops)
 > git config core.sparsecheckout # timeout=10
 > git checkout -f 20158d0e045c51c0be68726eaec4869159aed237 # timeout=10
 > git branch -a -v --no-abbrev # timeout=10
 > git checkout -b cicd-gitops 20158d0e045c51c0be68726eaec4869159aed237 # timeout=10
Commit message: "chore(gitops): promote staging to 1dba575f066c [skip ci]"
First time build. Skipping changelog.
[Pipeline] withEnv
[Pipeline] {
[Pipeline] sh
[Pipeline] sh
+ git diff --cached --quiet
[Pipeline] sh
[cicd-gitops 05c84e5] chore(gitops): promote production to 1dba575f066c [skip ci]
 1 file changed, 35 insertions(+), 35 deletions(-)
[Pipeline] withCredentials
Masking supported pattern matches of $GIT_TOKEN
[Pipeline] {
[Pipeline] sh
To git://gitops-git-server:9418/devsecops.git
   20158d0..05c84e5  HEAD -> cicd-gitops
[Pipeline] }
[Pipeline] // withCredentials
[Pipeline] }
[Pipeline] // withEnv
[Pipeline] }
[Pipeline] // dir
[Pipeline] }
[Pipeline] // script
[Pipeline] }
[Pipeline] // stage
[Pipeline] stage
[Pipeline] { (21. Deploy ECS Production)
[Pipeline] script
[Pipeline] {
[Pipeline] withCredentials
Masking supported pattern matches of $AWS_SECRET_ACCESS_KEY
[Pipeline] {
[Pipeline] withEnv
[Pipeline] {
[Pipeline] withEnv
[Pipeline] {
[Pipeline] sh
ECS service tetris-production is stable on 585572506644.dkr.ecr.ap-southeast-1.amazonaws.com/devsecops/tetris:1dba575f066c.
[Pipeline] }
[Pipeline] // withEnv
[Pipeline] }
[Pipeline] // withEnv
[Pipeline] }
[Pipeline] // withCredentials
[Pipeline] }
[Pipeline] // script
[Pipeline] }
[Pipeline] // stage
[Pipeline] stage
[Pipeline] { (22. Summary)
[Pipeline] echo
CI/CD pipeline completed.
Source: cicd-gitops@1dba575f066c
Image: 585572506644.dkr.ecr.ap-southeast-1.amazonaws.com/devsecops/tetris:1dba575f066c
GitOps image: localhost:5001/devsecops/tetris:1dba575f066c
Demo preset: FULL_PROJECT_DEMO
Security mode: enforce
DAST gate mode: report-only
GitOps enabled: true
ECS enabled: true
Security Hub import enabled: true
Production requested: true

[Pipeline] }
[Pipeline] // stage
[Pipeline] }
[Pipeline] // stage
[Pipeline] stage
[Pipeline] { (Declarative: Post Actions)
[Pipeline] archiveArtifacts
Archiving artifacts
Recording fingerprints
[Pipeline] script
[Pipeline] {
[Pipeline] sh
+ docker logout 585572506644.dkr.ecr.ap-southeast-1.amazonaws.com
[Pipeline] }
[Pipeline] // script
[Pipeline] }
[Pipeline] // stage
[Pipeline] }
[Pipeline] // timeout
[Pipeline] }
[Pipeline] // withEnv
[Pipeline] }
[Pipeline] // node
[Pipeline] End of Pipeline
Finished: SUCCESS
